timestamp,deviceId,flowId,state,appId,priority,eth_src,eth_dst,ipv4_src,ipv4_dst,ip_proto,tcp_src,tcp_dst,udp_src,udp_dst,in_port,out_port,packets,bytes,flow_lifetime_sec,observed_active_age_sec,flow_seen_last10,flow_packet_change_last10,flow_byte_change_last10,src_mac_first_seen_time,src_mac_last_seen_time,src_mac_observed_age_sec,src_mac_ip_count_last10,src_mac_ips_last10,src_mac_unique_dst_ip_count_last10,src_mac_unique_dst_port_count_last10,src_mac_short_lived_count_last10,unique_dst_ip_count_by_src,unique_dst_port_count_by_src,flow_count_by_src,short_lived_flow_count_by_src,flow_count_by_dst,unique_src_count_by_dst,total_packets_by_dst,total_bytes_by_dst
2026-06-08 22:38:58,of:000000000000000c,34902897250504455,ADDED,org.onosproject.fwd,10,00:00:00:00:00:11,00:00:00:00:00:09,,,,,,,,4,2,0,0,9.0,674.1,10,0,0,2026-06-08 22:38:53,2026-06-08 22:38:58,5.06,0,,0,0,10,0,0,0,0,0,0,0,0
2026-06-08 22:38:58,of:000000000000000c,34902897210113802,ADDED,org.onosproject.fwd,10,00:00:00:00:00:12,00:00:00:00:00:21,,,,,,,,4,3,0,0,0.0,612.85,10,0,0,2026-06-08 22:38:53,2026-06-08 22:38:58,5.06,0,,0,0,10,0,0,0,0,0,0,0,0
2026-06-08 22:38:58,of:000000000000000c,34902901226074765,ADDED,org.onosproject.fwd,10,00:00:00:00:00:22,00:00:00:00:00:11,,,,,,,,3,4,0,0,6.0,628.04,10,0,0,2026-06-08 22:38:48,2026-06-08 22:38:58,10.13,0,,0,0,10,0,0,0,0,0,0,0,0
2026-06-08 22:38:58,of:000000000000000c,34902897788384525,ADDED,org.onosproject.fwd,10,00:00:00:00:00:23,00:00:00:00:00:11,,,,,,,,3,4,0,0,6.0,628.04,10,0,0,2026-06-08 22:38:48,2026-06-08 22:38:58,10.13,0,,0,0,10,0,0,0,0,0,0,0,0
2026-06-08 22:38:58,of:000000000000000c,34902897931178253,ADDED,org.onosproject.fwd,10,00:00:00:00:00:12,00:00:00:00:00:01,,,,,,,,4,1,0,0,5.0,714.54,10,0,0,2026-06-08 22:38:53,2026-06-08 22:38:58,5.06,0,,0,0,10,0,0,0,0,0,0,0,0
2026-06-08 22:38:58,of:000000000000000c,34902897647155343,ADDED,org.onosproject.fwd,10,00:00:00:00:00:03,00:00:00:00:00:12,,,,,,,,2,4,0,0,4.0,704.42,10,0,0,2026-06-08 22:38:48,2026-06-08 22:38:58,10.13,0,,0,0,10,0,0,0,0,0,0,0,0
2026-06-08 22:38:58,of:000000000000000c,34902899919869199,ADDED,org.onosproject.fwd,10,00:00:00:00:00:12,00:00:00:00:00:20,,,,,,,,4,3,0,0,0.0,612.85,10,0,0,2026-06-08 22:38:53,2026-06-08 22:38:58,5.06,0,,0,0,10,0,0,0,0,0,0,0,0
2026-06-08 22:38:58,of:000000000000000c,34902898542037522,ADDED,org.onosproject.fwd,10,00:00:00:00:00:23,00:00:00:00:00:12,,,,,,,,3,4,0,0,0.0,612.85,10,0,0,2026-06-08 22:38:48,2026-06-08 22:38:58,10.13,0,,0,0,10,0,0,0,0,0,0,0,0
2026-06-08 22:38:58,of:000000000000000c,34902899684343316,ADDED,org.onosproject.fwd,10,00:00:00:00:00:08,00:00:00:00:00:11,,,,,,,,2,4,0,0,9.0,679.16,10,0,0,2026-06-08 22:38:48,2026-06-08 22:38:58,10.13,0,,0,0,10,0,0,0,0,0,0,0,0
2026-06-08 22:38:58,of:000000000000000c,34902900224166038,ADDED,org.onosproject.fwd,10,00:00:00:00:00:12,00:00:00:00:00:07,,,,,,,,4,2,0,0,4.0,684.21,10,0,0,2026-06-08 22:38:53,2026-06-08 22:38:58,5.06,0,,0,0,10,0,0,0,0,0,0,0,0
2026-06-08 22:38:58,of:000000000000000c,34902898133122198,ADDED,org.onosproject.fwd,10,00:00:00:00:00:12,00:00:00:00:00:02,,,,,,,,4,2,0,0,5.0,714.54,10,0,0,2026-06-08 22:38:53,2026-06-08 22:38:58,5.06,0,,0,0,10,0,0,0,0,0,0,0,0
2026-06-08 22:38:58,of:000000000000000c,34902900441292951,ADDED,org.onosproject.fwd,10,00:00:00:00:00:27,00:00:00:00:00:11,,,,,,,,3,4,0,0,5.0,628.04,10,0,0,2026-06-08 22:38:48,2026-06-08 22:38:58,10.13,0,,0,0,10,0,0,0,0,0,0,0,0
2026-06-08 22:38:58,of:000000000000000c,34902897401985560,ADDED,org.onosproject.fwd,10,00:00:00:00:00:11,00:00:00:00:00:1D,,,,,,,,4,3,0,0,7.0,628.04,10,0,0,2026-06-08 22:38:53,2026-06-08 22:38:58,5.06,0,,0,0,10,0,0,0,0,0,0,0,0
2026-06-08 22:38:58,of:000000000000000c,34902897802077597,ADDED,org.onosproject.fwd,10,00:00:00:00:00:04,00:00:00:00:00:12,,,,,,,,2,4,0,0,4.0,699.37,10,0,0,2026-06-08 22:38:48,2026-06-08 22:38:58,10.13,0,,0,0,10,0,0,0,0,0,0,0,0
2026-06-08 22:38:58,of:000000000000000c,34902901336939549,ADDED,org.onosproject.fwd,10,00:00:00:00:00:08,00:00:00:00:00:12,,,,,,,,2,4,0,0,4.0,679.16,10,0,0,2026-06-08 22:38:53,2026-06-08 22:38:58,5.06,0,,0,0,10,0,0,0,0,0,0,0,0
2026-06-08 22:38:58,of:000000000000000c,34902898004594973,ADDED,org.onosproject.fwd,10,00:00:00:00:00:0B,00:00:00:00:00:11,,,,,,,,2,4,0,0,9.0,663.96,10,0,0,2026-06-08 22:38:48,2026-06-08 22:38:58,10.13,0,,0,0,10,0,0,0,0,0,0,0,0
2026-06-08 22:38:58,of:000000000000000c,34902897875403296,ADDED,org.onosproject.fwd,10,00:00:00:00:00:11,00:00:00:00:00:0B,,,,,,,,4,2,0,0,9.0,663.96,10,0,0,2026-06-08 22:38:53,2026-06-08 22:38:58,5.06,0,,0,0,10,0,0,0,0,0,0,0,0
2026-06-08 22:38:58,of:000000000000000c,34902900667495584,ADDED,org.onosproject.fwd,10,00:00:00:00:00:11,00:00:00:00:00:0E,,,,,,,,4,2,0,0,8.0,648.8,10,0,0,2026-06-08 22:38:53,2026-06-08 22:38:58,5.06,0,,0,0,10,0,0,0,0,0,0,0,0
2026-06-08 22:38:58,of:000000000000000c,34902901012183968,ADDED,org.onosproject.fwd,10,00:00:00:00:00:12,00:00:00:00:00:0E,,,,,,,,4,2,0,0,3.0,648.8,10,0,0,2026-06-08 22:38:53,2026-06-08 22:38:58,5.06,0,,0,0,10,0,0,0,0,0,0,0,0
2026-06-08 22:38:58,of:000000000000000c,34902901269253026,ADDED,org.onosproject.fwd,10,00:00:00:00:00:11,00:00:00:00:00:28,,,,,,,,4,3,0,0,5.0,628.04,10,0,0,2026-06-08 22:38:53,2026-06-08 22:38:58,5.06,0,,0,0,10,0,0,0,0,0,0,0,0
2026-06-08 22:38:58,of:000000000000000c,34902899895951522,ADDED,org.onosproject.fwd,10,00:00:00:00:00:0A,00:00:00:00:00:12,,,,,,,,2,4,0,0,3.0,669.04,10,0,0,2026-06-08 22:38:48,2026-06-08 22:38:58,10.13,0,,0,0,10,0,0,0,0,0,0,0,0
2026-06-08 22:38:58,of:000000000000000c,34902897746648739,ADDED,org.onosproject.fwd,10,00:00:00:00:00:22,00:00:00:00:00:12,,,,,,,,3,4,0,0,0.0,612.85,10,0,0,2026-06-08 22:38:48,2026-06-08 22:38:58,10.13,0,,0,0,10,0,0,0,0,0,0,0,0
2026-06-08 22:38:58,of:000000000000000c,34902897545326756,ADDED,org.onosproject.fwd,10,00:00:00:00:00:26,00:00:00:00:00:11,,,,,,,,3,4,0,0,5.0,628.04,10,0,0,2026-06-08 22:38:48,2026-06-08 22:38:58,10.13,0,,0,0,10,0,0,0,0,0,0,0,0
2026-06-08 22:38:58,of:000000000000000c,34902899850791846,ADDED,org.onosproject.fwd,10,00:00:00:00:00:0E,00:00:00:00:00:11,,,,,,,,2,4,0,0,8.0,648.8,10,0,0,2026-06-08 22:38:48,2026-06-08 22:38:58,10.13,0,,0,0,10,0,0,0,0,0,0,0,0
2026-06-08 22:38:58,of:000000000000000c,34902900051478183,ADDED,org.onosproject.fwd,10,00:00:00:00:00:11,00:00:00:00:00:23,,,,,,,,4,3,0,0,6.0,628.04,10,0,0,2026-06-08 22:38:53,2026-06-08 22:38:58,5.06,0,,0,0,10,0,0,0,0,0,0,0,0
2026-06-08 22:38:58,of:000000000000000c,34902900873450664,ADDED,org.onosproject.fwd,10,00:00:00:00:00:12,00:00:00:00:00:05,,,,,,,,4,2,0,0,4.0,694.32,10,0,0,2026-06-08 22:38:53,2026-06-08 22:38:58,5.06,0,,0,0,10,0,0,0,0,0,0,0,0
2026-06-08 22:38:58,of:000000000000000c,34902898332914216,ADDED,org.onosproject.fwd,10,00:00:00:00:00:25,00:00:00:00:00:11,,,,,,,,3,4,0,0,6.0,628.04,10,0,0,2026-06-08 22:38:48,2026-06-08 22:38:58,10.13,0,,0,0,10,0,0,0,0,0,0,0,0
2026-06-08 22:38:58,of:000000000000000c,34902897666356778,ADDED,org.onosproject.fwd,10,00:00:00:00:00:11,00:00:00:00:00:26,,,,,,,,4,3,0,0,5.0,628.04,10,0,0,2026-06-08 22:38:53,2026-06-08 22:38:58,5.06,0,,0,0,10,0,0,0,0,0,0,0,0
2026-06-08 22:38:58,of:000000000000000c,34902897776172074,ADDED,org.onosproject.fwd,10,00:00:00:00:00:11,00:00:00:00:00:0F,,,,,,,,4,2,1,98,19.0,643.71,10,0,0,2026-06-08 22:38:53,2026-06-08 22:38:58,5.06,0,,0,0,9,0,0,0,0,0,0,0,0
2026-06-08 22:38:58,of:000000000000000c,34902900197040426,ADDED,org.onosproject.fwd,10,00:00:00:00:00:11,00:00:00:00:00:1F,,,,,,,,4,3,0,0,7.0,628.04,10,0,0,2026-06-08 22:38:53,2026-06-08 22:38:58,5.06,0,,0,0,9,0,0,0,0,0,0,0,0
2026-06-08 22:38:58,of:000000000000000c,34902899412323248,ADDED,org.onosproject.fwd,10,00:00:00:00:00:06,00:00:00:00:00:12,,,,,,,,2,4,0,0,4.0,689.28,10,0,0,2026-06-08 22:38:48,2026-06-08 22:38:58,10.13,0,,0,0,10,0,0,0,0,0,0,0,0
2026-06-08 22:38:58,of:000000000000000c,34902899693964340,ADDED,org.onosproject.fwd,10,00:00:00:00:00:12,00:00:00:00:00:0D,,,,,,,,4,2,0,0,3.0,653.86,10,0,0,2026-06-08 22:38:53,2026-06-08 22:38:58,5.06,0,,0,0,10,0,0,0,0,0,0,0,0
2026-06-08 22:38:58,of:000000000000000c,34902900996225077,ADDED,org.onosproject.fwd,10,00:00:00:00:00:07,00:00:00:00:00:12,,,,,,,,2,4,0,0,4.0,684.21,10,0,0,2026-06-08 22:38:48,2026-06-08 22:38:58,10.13,0,,0,0,10,0,0,0,0,0,0,0,0
2026-06-08 22:38:58,of:000000000000000c,34902899032752053,ADDED,org.onosproject.fwd,10,00:00:00:00:00:1E,00:00:00:00:00:12,,,,,,,,3,4,0,0,1.0,612.85,10,0,0,2026-06-08 22:38:48,2026-06-08 22:38:58,10.13,0,,0,0,10,0,0,0,0,0,0,0,0
2026-06-08 22:38:58,of:000000000000000c,34902898780950454,ADDED,org.onosproject.fwd,10,00:00:00:00:00:28,00:00:00:00:00:11,,,,,,,,3,4,0,0,5.0,500.62,10,0,0,2026-06-08 22:38:48,2026-06-08 22:38:58,10.13,0,,0,0,10,0,0,0,0,0,0,0,0
2026-06-08 22:38:58,of:000000000000000c,34902897309009718,ADDED,org.onosproject.fwd,10,00:00:00:00:00:12,00:00:00:00:00:1F,,,,,,,,4,3,0,0,1.0,612.85,10,0,0,2026-06-08 22:38:53,2026-06-08 22:38:58,5.06,0,,0,0,10,0,0,0,0,0,0,0,0
2026-06-08 22:38:58,of:000000000000000c,34902897589266616,ADDED,org.onosproject.fwd,10,00:00:00:00:00:0E,00:00:00:00:00:12,,,,,,,,2,4,0,0,3.0,648.8,10,0,0,2026-06-08 22:38:53,2026-06-08 22:38:58,5.06,0,,0,0,10,0,0,0,0,0,0,0,0
2026-06-08 22:38:58,of:000000000000000c,34902900079745978,ADDED,org.onosproject.fwd,10,00:00:00:00:00:24,00:00:00:00:00:11,,,,,,,,3,4,0,0,6.0,628.04,10,0,0,2026-06-08 22:38:48,2026-06-08 22:38:58,10.13,0,,0,0,10,0,0,0,0,0,0,0,0
2026-06-08 22:38:58,of:000000000000000c,34902898824224826,ADDED,org.onosproject.fwd,10,00:00:00:00:00:0F,00:00:00:00:00:12,,,,,,,,2,4,0,0,3.0,643.71,10,0,0,2026-06-08 22:38:53,2026-06-08 22:38:58,5.06,0,,0,0,5,0,0,0,0,0,0,0,0
2026-06-08 22:38:58,of:000000000000000c,34902897217609275,ADDED,org.onosproject.fwd,10,00:00:00:00:00:20,00:00:00:00:00:12,,,,,,,,3,4,0,0,0.0,612.85,10,0,0,2026-06-08 22:38:48,2026-06-08 22:38:58,10.13,0,,0,0,10,0,0,0,0,0,0,0,0
2026-06-08 22:38:58,of:000000000000000c,34902897201074876,ADDED,org.onosproject.fwd,10,00:00:00:00:00:12,00:00:00:00:00:0F,,,,,,,,4,2,0,0,3.0,643.71,10,0,0,2026-06-08 22:38:58,2026-06-08 22:38:58,0.0,0,,0,0,10,0,0,0,0,0,0,0,0
2026-06-08 22:38:58,of:000000000000000c,34902898205305405,ADDED,org.onosproject.fwd,10,00:00:00:00:00:1D,00:00:00:00:00:11,,,,,,,,3,4,0,0,7.0,628.04,10,0,0,2026-06-08 22:38:48,2026-06-08 22:38:58,10.13,0,,0,0,10,0,0,0,0,0,0,0,0
2026-06-08 22:38:58,of:000000000000000c,34902897725973310,ADDED,org.onosproject.fwd,10,00:00:00:00:00:20,00:00:00:00:00:11,,,,,,,,3,4,0,0,6.0,628.04,10,0,0,2026-06-08 22:38:48,2026-06-08 22:38:58,10.13,0,,0,0,10,0,0,0,0,0,0,0,0
2026-06-08 22:38:58,of:000000000000000c,34902900701770943,ADDED,org.onosproject.fwd,10,00:00:00:00:00:1F,00:00:00:00:00:12,,,,,,,,3,4,0,0,0.0,612.85,10,0,0,2026-06-08 22:38:48,2026-06-08 22:38:58,10.13,0,,0,0,10,0,0,0,0,0,0,0,0
2026-06-08 22:38:58,of:000000000000000c,34902897380395073,ADDED,org.onosproject.fwd,10,00:00:00:00:00:11,00:00:00:00:00:21,,,,,,,,4,3,0,0,6.0,628.04,10,0,0,2026-06-08 22:38:58,2026-06-08 22:38:58,0.0,0,,0,0,9,0,0,0,0,0,0,0,0
2026-06-08 22:38:58,of:000000000000000c,34902900186259266,ADDED,org.onosproject.fwd,10,00:00:00:00:00:12,00:00:00:00:00:1E,,,,,,,,4,3,0,0,1.0,612.85,10,0,0,2026-06-08 22:38:58,2026-06-08 22:38:58,0.0,0,,0,0,10,0,0,0,0,0,0,0,0
2026-06-08 22:38:58,of:000000000000000c,34902899956135620,ADDED,org.onosproject.fwd,10,00:00:00:00:00:11,00:00:00:00:00:1C,,,,,,,,4,3,0,0,7.0,628.04,10,0,0,2026-06-08 22:38:58,2026-06-08 22:38:58,0.0,0,,0,0,9,0,0,0,0,0,0,0,0
2026-06-08 22:38:58,of:000000000000000c,34902898527340869,ADDED,org.onosproject.fwd,10,00:00:00:00:00:0C,00:00:00:00:00:11,,,,,,,,2,4,0,0,9.0,658.91,10,0,0,2026-06-08 22:38:48,2026-06-08 22:38:58,10.13,0,,0,0,10,0,0,0,0,0,0,0,0
2026-06-08 22:38:58,of:000000000000000c,34902898179130695,ADDED,org.onosproject.fwd,10,00:00:00:00:00:12,00:00:00:00:00:22,,,,,,,,4,3,0,0,0.0,612.85,10,0,0,2026-06-08 22:38:58,2026-06-08 22:38:58,0.0,0,,0,0,10,0,0,0,0,0,0,0,0
2026-06-08 22:38:58,of:000000000000000c,34902900643654600,ADDED,org.onosproject.fwd,10,00:00:00:00:00:11,00:00:00:00:00:0D,,,,,,,,4,2,0,0,9.0,653.86,10,0,0,2026-06-08 22:38:58,2026-06-08 22:38:58,0.0,0,,0,0,9,0,0,0,0,0,0,0,0
2026-06-08 22:38:58,of:000000000000000c,34902899169167817,ADDED,org.onosproject.fwd,10,00:00:00:00:00:0D,00:00:00:00:00:11,,,,,,,,2,4,0,0,9.0,653.86,10,0,0,2026-06-08 22:38:48,2026-06-08 22:38:58,10.13,0,,0,0,10,0,0,0,0,0,0,0,0
2026-06-08 22:38:58,of:000000000000000c,34902899333369161,ADDED,org.onosproject.fwd,10,00:00:00:00:00:1D,00:00:00:00:00:12,,,,,,,,3,4,0,0,1.0,612.85,10,0,0,2026-06-08 22:38:48,2026-06-08 22:38:58,10.13,0,,0,0,10,0,0,0,0,0,0,0,0
2026-06-08 22:38:58,of:000000000000000c,34902901131400778,ADDED,org.onosproject.fwd,10,00:00:00:00:00:12,00:00:00:00:00:24,,,,,,,,4,3,0,0,0.0,612.85,10,0,0,2026-06-08 22:38:58,2026-06-08 22:38:58,0.0,0,,0,0,10,0,0,0,0,0,0,0,0
2026-06-08 22:38:58,of:000000000000000c,34902897222281675,ADDED,org.onosproject.fwd,10,00:00:00:00:00:12,00:00:00:00:00:04,,,,,,,,4,2,0,0,4.0,699.37,10,0,0,2026-06-08 22:38:58,2026-06-08 22:38:58,0.0,0,,0,0,10,0,0,0,0,0,0,0,0
2026-06-08 22:38:58,of:000000000000000c,34902897664022859,ADDED,org.onosproject.fwd,10,00:00:00:00:00:0A,00:00:00:00:00:11,,,,,,,,2,4,0,0,9.0,669.04,10,0,0,2026-06-08 22:38:53,2026-06-08 22:38:58,5.06,0,,0,0,10,0,0,0,0,0,0,0,0
2026-06-08 22:38:58,of:000000000000000c,34902899521820367,ADDED,org.onosproject.fwd,10,00:00:00:00:00:0F,00:00:00:00:00:11,,,,,,,,2,4,1,98,19.0,643.71,10,0,0,2026-06-08 22:38:53,2026-06-08 22:38:58,5.06,0,,0,0,4,0,0,0,0,0,0,0,0
2026-06-08 22:38:58,of:000000000000000c,34902898636084564,ADDED,org.onosproject.fwd,10,00:00:00:00:00:12,00:00:00:00:00:0A,,,,,,,,4,2,0,0,3.0,669.04,10,0,0,2026-06-08 22:38:58,2026-06-08 22:38:58,0.0,0,,0,0,10,0,0,0,0,0,0,0,0
2026-06-08 22:38:58,of:000000000000000c,34902900529211477,ADDED,org.onosproject.fwd,10,00:00:00:00:00:21,00:00:00:00:00:11,,,,,,,,3,4,0,0,6.0,628.04,10,0,0,2026-06-08 22:38:48,2026-06-08 22:38:58,10.13,0,,0,0,10,0,0,0,0,0,0,0,0
2026-06-08 22:38:58,of:000000000000000c,34902897337521239,ADDED,org.onosproject.fwd,10,00:00:00:00:00:12,00:00:00:00:00:23,,,,,,,,4,3,0,0,0.0,612.85,10,0,0,2026-06-08 22:38:58,2026-06-08 22:38:58,0.0,0,,0,0,10,0,0,0,0,0,0,0,0
2026-06-08 22:38:58,of:000000000000000c,34902898152801112,ADDED,org.onosproject.fwd,10,00:00:00:00:00:1F,00:00:00:00:00:11,,,,,,,,3,4,0,0,7.0,628.04,10,0,0,2026-06-08 22:38:48,2026-06-08 22:38:58,10.13,0,,0,0,10,0,0,0,0,0,0,0,0
2026-06-08 22:38:58,of:000000000000000c,34902897414941400,ADDED,org.onosproject.fwd,10,00:00:00:00:00:11,00:00:00:00:00:20,,,,,,,,4,3,0,0,7.0,628.04,10,0,0,2026-06-08 22:38:58,2026-06-08 22:38:58,0.0,0,,0,0,9,0,0,0,0,0,0,0,0
2026-06-08 22:38:58,of:000000000000000c,34902898802598489,ADDED,org.onosproject.fwd,10,00:00:00:00:00:11,00:00:00:00:00:25,,,,,,,,4,3,0,0,6.0,628.04,10,0,0,2026-06-08 22:38:58,2026-06-08 22:38:58,0.0,0,,0,0,9,0,0,0,0,0,0,0,0
2026-06-08 22:38:58,of:000000000000000c,34902899944024026,ADDED,org.onosproject.fwd,10,00:00:00:00:00:12,00:00:00:00:00:03,,,,,,,,4,2,0,0,5.0,704.42,10,0,0,2026-06-08 22:38:58,2026-06-08 22:38:58,0.0,0,,0,0,10,0,0,0,0,0,0,0,0
2026-06-08 22:38:58,of:000000000000000c,34902900666835930,ADDED,org.onosproject.fwd,10,00:00:00:00:00:0B,00:00:00:00:00:12,,,,,,,,2,4,0,0,3.0,663.96,10,0,0,2026-06-08 22:38:53,2026-06-08 22:38:58,5.06,0,,0,0,10,0,0,0,0,0,0,0,0
2026-06-08 22:38:58,of:000000000000000c,34902900567537498,ADDED,org.onosproject.fwd,10,00:00:00:00:00:0C,00:00:00:00:00:12,,,,,,,,2,4,0,0,3.0,658.91,10,0,0,2026-06-08 22:38:53,2026-06-08 22:38:58,5.06,0,,0,0,10,0,0,0,0,0,0,0,0
2026-06-08 22:38:58,of:000000000000000c,34902898750565597,ADDED,org.onosproject.fwd,10,00:00:00:00:00:12,00:00:00:00:00:0B,,,,,,,,4,2,0,0,3.0,663.96,10,0,0,2026-06-08 22:38:58,2026-06-08 22:38:58,0.0,0,,0,0,10,0,0,0,0,0,0,0,0
2026-06-08 22:38:58,of:000000000000000c,34902898600627805,ADDED,org.onosproject.fwd,10,00:00:00:00:00:21,00:00:00:00:00:12,,,,,,,,3,4,0,0,0.0,612.85,10,0,0,2026-06-08 22:38:48,2026-06-08 22:38:58,10.13,0,,0,0,10,0,0,0,0,0,0,0,0
2026-06-08 22:38:58,of:000000000000000c,34902900711474781,ADDED,org.onosproject.fwd,10,00:00:00:00:00:11,00:00:00:00:00:24,,,,,,,,4,3,0,0,6.0,628.04,10,0,0,2026-06-08 22:38:58,2026-06-08 22:38:58,0.0,0,,0,0,9,0,0,0,0,0,0,0,0
2026-06-08 22:38:58,of:000000000000000c,34902899910781281,ADDED,org.onosproject.fwd,10,00:00:00:00:00:11,00:00:00:00:00:0A,,,,,,,,4,2,0,0,9.0,669.04,10,0,0,2026-06-08 22:38:58,2026-06-08 22:38:58,0.0,0,,0,0,9,0,0,0,0,0,0,0,0
2026-06-08 22:38:58,of:000000000000000c,34902897954738145,ADDED,org.onosproject.fwd,10,00:00:00:00:00:11,00:00:00:00:00:27,,,,,,,,4,3,0,0,5.0,628.04,10,0,0,2026-06-08 22:38:58,2026-06-08 22:38:58,0.0,0,,0,0,9,0,0,0,0,0,0,0,0
2026-06-08 22:38:58,of:000000000000000c,34902901086615011,ADDED,org.onosproject.fwd,10,00:00:00:00:00:12,00:00:00:00:00:1D,,,,,,,,4,3,0,0,1.0,612.85,10,0,0,2026-06-08 22:38:58,2026-06-08 22:38:58,0.0,0,,0,0,10,0,0,0,0,0,0,0,0
2026-06-08 22:38:58,of:000000000000000c,34902901391867876,ADDED,org.onosproject.fwd,10,00:00:00:00:00:0D,00:00:00:00:00:12,,,,,,,,2,4,0,0,3.0,653.86,10,0,0,2026-06-08 22:38:53,2026-06-08 22:38:58,5.06,0,,0,0,10,0,0,0,0,0,0,0,0
2026-06-08 22:38:58,of:000000000000000c,34902900758048869,ADDED,org.onosproject.fwd,10,00:00:00:00:00:12,00:00:00:00:00:09,,,,,,,,4,2,0,0,4.0,674.1,10,0,0,2026-06-08 22:38:58,2026-06-08 22:38:58,0.0,0,,0,0,10,0,0,0,0,0,0,0,0
2026-06-08 22:38:58,of:000000000000000c,34902897598350566,ADDED,org.onosproject.fwd,10,00:00:00:00:00:05,00:00:00:00:00:12,,,,,,,,2,4,0,0,4.0,694.32,10,0,0,2026-06-08 22:38:48,2026-06-08 22:38:58,10.13,0,,0,0,10,0,0,0,0,0,0,0,0
2026-06-08 22:38:58,of:000000000000000c,34902898564697192,ADDED,org.onosproject.fwd,10,00:00:00:00:00:12,00:00:00:00:00:0C,,,,,,,,4,2,0,0,3.0,658.91,10,0,0,2026-06-08 22:38:58,2026-06-08 22:38:58,0.0,0,,0,0,10,0,0,0,0,0,0,0,0
2026-06-08 22:38:58,of:000000000000000c,34902898853400682,ADDED,org.onosproject.fwd,10,00:00:00:00:00:24,00:00:00:00:00:12,,,,,,,,3,4,0,0,0.0,612.85,10,0,0,2026-06-08 22:38:48,2026-06-08 22:38:58,10.13,0,,0,0,10,0,0,0,0,0,0,0,0
2026-06-08 22:38:58,of:000000000000000c,34902900029976173,ADDED,org.onosproject.fwd,10,00:00:00:00:00:1C,00:00:00:00:00:12,,,,,,,,3,4,0,0,1.0,612.85,10,0,0,2026-06-08 22:38:48,2026-06-08 22:38:58,10.13,0,,0,0,10,0,0,0,0,0,0,0,0
2026-06-08 22:38:58,of:000000000000000c,34902900612933999,ADDED,org.onosproject.fwd,10,00:00:00:00:00:02,00:00:00:00:00:12,,,,,,,,2,4,0,0,5.0,714.54,10,0,0,2026-06-08 22:38:48,2026-06-08 22:38:58,10.13,0,,0,0,10,0,0,0,0,0,0,0,0
2026-06-08 22:38:58,of:000000000000000c,34902897661838576,ADDED,org.onosproject.fwd,10,00:00:00:00:00:12,00:00:00:00:00:25,,,,,,,,4,3,0,0,0.0,612.85,10,0,0,2026-06-08 22:38:58,2026-06-08 22:38:58,0.0,0,,0,0,10,0,0,0,0,0,0,0,0
2026-06-08 22:38:58,of:000000000000000c,34902901242274288,ADDED,org.onosproject.fwd,10,00:00:00:00:00:11,00:00:00:00:00:22,,,,,,,,4,3,0,0,6.0,628.04,10,0,0,2026-06-08 22:38:58,2026-06-08 22:38:58,0.0,0,,0,0,10,0,0,0,0,0,0,0,0
2026-06-08 22:38:58,of:000000000000000c,34902898662045680,ADDED,org.onosproject.fwd,10,00:00:00:00:00:1E,00:00:00:00:00:11,,,,,,,,3,4,0,0,7.0,628.04,10,0,0,2026-06-08 22:38:48,2026-06-08 22:38:58,10.13,0,,0,0,10,0,0,0,0,0,0,0,0
2026-06-08 22:38:58,of:000000000000000c,34902897754098801,ADDED,org.onosproject.fwd,10,00:00:00:00:00:1C,00:00:00:00:00:11,,,,,,,,3,4,0,0,7.0,628.04,10,0,0,2026-06-08 22:38:48,2026-06-08 22:38:58,10.13,0,,0,0,10,0,0,0,0,0,0,0,0
2026-06-08 22:38:58,of:000000000000000c,34902897329187186,ADDED,org.onosproject.fwd,10,00:00:00:00:00:11,00:00:00:00:00:1E,,,,,,,,4,3,0,0,7.0,628.04,10,0,0,2026-06-08 22:38:58,2026-06-08 22:38:58,0.0,0,,0,0,10,0,0,0,0,0,0,0,0
2026-06-08 22:38:58,of:000000000000000c,34902899912158835,ADDED,org.onosproject.fwd,10,00:00:00:00:00:12,00:00:00:00:00:08,,,,,,,,4,2,0,0,4.0,679.16,10,0,0,2026-06-08 22:38:58,2026-06-08 22:38:58,0.0,0,,0,0,10,0,0,0,0,0,0,0,0
2026-06-08 22:38:58,of:000000000000000c,34902900021118453,ADDED,org.onosproject.fwd,10,00:00:00:00:00:01,00:00:00:00:00:12,,,,,,,,1,4,0,0,5.0,714.54,10,0,0,2026-06-08 22:38:43,2026-06-08 22:38:58,15.3,0,,0,0,10,0,0,0,0,0,0,0,0
2026-06-08 22:38:58,of:000000000000000c,34902900451151607,ADDED,org.onosproject.fwd,10,00:00:00:00:00:12,00:00:00:00:00:1C,,,,,,,,4,3,0,0,1.0,612.85,10,0,0,2026-06-08 22:38:58,2026-06-08 22:38:58,0.0,0,,0,0,10,0,0,0,0,0,0,0,0
2026-06-08 22:38:58,of:000000000000000c,34902898815154424,ADDED,org.onosproject.fwd,10,00:00:00:00:00:11,00:00:00:00:00:0C,,,,,,,,4,2,0,0,9.0,658.91,10,0,0,2026-06-08 22:38:58,2026-06-08 22:38:58,0.0,0,,0,0,10,0,0,0,0,0,0,0,0
2026-06-08 22:38:58,of:000000000000000c,34902901261271544,ADDED,org.onosproject.fwd,10,00:00:00:00:00:09,00:00:00:00:00:12,,,,,,,,2,4,0,0,3.0,674.1,10,0,0,2026-06-08 22:38:48,2026-06-08 22:38:58,10.13,0,,0,0,10,0,0,0,0,0,0,0,0
2026-06-08 22:38:58,of:000000000000000c,34902899442330363,ADDED,org.onosproject.fwd,10,00:00:00:00:00:09,00:00:00:00:00:11,,,,,,,,2,4,0,0,9.0,674.1,10,0,0,2026-06-08 22:38:53,2026-06-08 22:38:58,5.06,0,,0,0,10,0,0,0,0,0,0,0,0
2026-06-08 22:38:58,of:000000000000000c,34902900510101755,ADDED,org.onosproject.fwd,10,00:00:00:00:00:12,00:00:00:00:00:06,,,,,,,,4,2,0,0,4.0,689.28,10,0,0,2026-06-08 22:38:58,2026-06-08 22:38:58,0.0,0,,0,0,10,0,0,0,0,0,0,0,0
2026-06-08 22:38:58,of:000000000000000c,34902898803412604,ADDED,org.onosproject.fwd,10,00:00:00:00:00:11,00:00:00:00:00:08,,,,,,,,4,2,0,0,9.0,679.16,10,0,0,2026-06-08 22:38:58,2026-06-08 22:38:58,0.0,0,,0,0,10,0,0,0,0,0,0,0,0
2026-06-08 22:38:58,of:000000000000000d,34902901036259328,ADDED,org.onosproject.fwd,10,00:00:00:00:00:14,00:00:00:00:00:22,,,,,,,,3,5,0,0,0.0,612.85,10,0,0,2026-06-08 22:38:53,2026-06-08 22:38:58,5.06,0,,0,0,10,0,0,0,0,0,0,0,0
2026-06-08 22:38:58,of:000000000000000d,34902898575545480,ADDED,org.onosproject.fwd,10,00:00:00:00:00:26,00:00:00:00:00:13,,,,,,,,5,3,0,0,6.0,617.91,10,0,0,2026-06-08 22:38:48,2026-06-08 22:38:58,10.13,0,,0,0,10,0,0,0,0,0,0,0,0
2026-06-08 22:38:58,of:000000000000000d,34902900043885080,ADDED,org.onosproject.fwd,10,00:00:00:00:00:14,00:00:00:00:00:1F,,,,,,,,3,4,0,0,0.0,612.85,5,0,0,2026-06-08 22:38:53,2026-06-08 22:38:58,5.06,0,,0,0,10,0,0,0,0,0,0,0,0
2026-06-08 22:38:58,of:000000000000000d,34902899471813147,ADDED,org.onosproject.fwd,10,00:00:00:00:00:1D,00:00:00:00:00:14,,,,,,,,4,3,0,0,1.0,612.85,10,0,0,2026-06-08 22:38:53,2026-06-08 22:38:58,5.06,0,,0,0,10,0,0,0,0,0,0,0,0
2026-06-08 22:38:58,of:000000000000000d,34902897786938523,ADDED,org.onosproject.fwd,10,00:00:00:00:00:13,00:00:00:00:00:20,,,,,,,,3,4,0,0,7.0,617.91,8,0,0,2026-06-08 22:38:53,2026-06-08 22:38:58,5.06,0,,0,0,10,0,0,0,0,0,0,0,0
2026-06-08 22:38:58,of:000000000000000d,34902899234301603,ADDED,org.onosproject.fwd,10,00:00:00:00:00:14,00:00:00:00:00:23,,,,,,,,3,5,0,0,0.0,612.85,10,0,0,2026-06-08 22:38:53,2026-06-08 22:38:58,5.06,0,,0,0,10,0,0,0,0,0,0,0,0
2026-06-08 22:38:58,of:000000000000000d,34902899012740772,ADDED,org.onosproject.fwd,10,00:00:00:00:00:14,00:00:00:00:00:1C,,,,,,,,3,4,0,0,1.0,612.85,9,0,0,2026-06-08 22:38:53,2026-06-08 22:38:58,5.06,0,,0,0,10,0,0,0,0,0,0,0,0
2026-06-08 22:38:58,of:000000000000000d,34902900119248933,ADDED,org.onosproject.fwd,10,00:00:00:00:00:14,00:00:00:00:00:21,,,,,,,,3,4,0,0,0.0,612.85,8,0,0,2026-06-08 22:38:53,2026-06-08 22:38:58,5.06,0,,0,0,10,0,0,0,0,0,0,0,0
2026-06-08 22:38:58,of:000000000000000d,34902899466669222,ADDED,org.onosproject.fwd,10,00:00:00:00:00:23,00:00:00:00:00:13,,,,,,,,5,3,0,0,6.0,617.91,10,0,0,2026-06-08 22:38:48,2026-06-08 22:38:58,10.13,0,,0,0,10,0,0,0,0,0,0,0,0
2026-06-08 22:38:58,of:000000000000000d,34902900450223911,ADDED,org.onosproject.fwd,10,00:00:00:00:00:13,00:00:00:00:00:28,,,,,,,,3,5,0,0,5.0,617.91,8,0,0,2026-06-08 22:38:53,2026-06-08 22:38:58,5.06,0,,0,0,10,0,0,0,0,0,0,0,0
2026-06-08 22:38:58,of:000000000000000d,34902899490030509,ADDED,org.onosproject.fwd,10,00:00:00:00:00:13,00:00:00:00:00:1F,,,,,,,,3,4,0,0,7.0,617.91,6,0,0,2026-06-08 22:38:53,2026-06-08 22:38:58,5.06,0,,0,0,10,0,0,0,0,0,0,0,0
2026-06-08 22:38:58,of:000000000000000d,34902897418815535,ADDED,org.onosproject.fwd,10,00:00:00:00:00:25,00:00:00:00:00:13,,,,,,,,5,3,0,0,6.0,617.91,10,0,0,2026-06-08 22:38:48,2026-06-08 22:38:58,10.13,0,,0,0,10,0,0,0,0,0,0,0,0
2026-06-08 22:38:58,of:000000000000000d,34902898591272752,ADDED,org.onosproject.fwd,10,00:00:00:00:00:20,00:00:00:00:00:14,,,,,,,,4,3,0,0,0.0,612.85,7,0,0,2026-06-08 22:38:48,2026-06-08 22:38:58,10.13,0,,0,0,10,0,0,0,0,0,0,0,0
2026-06-08 22:38:58,of:000000000000000d,34902900626981938,ADDED,org.onosproject.fwd,10,00:00:00:00:00:1C,00:00:00:00:00:14,,,,,,,,4,3,0,0,1.0,612.85,9,0,0,2026-06-08 22:38:53,2026-06-08 22:38:58,5.06,0,,0,0,10,0,0,0,0,0,0,0,0
2026-06-08 22:38:58,of:000000000000000d,34902899244799029,ADDED,org.onosproject.fwd,10,00:00:00:00:00:13,00:00:00:00:00:26,,,,,,,,3,5,0,0,6.0,617.91,10,0,0,2026-06-08 22:38:53,2026-06-08 22:38:58,5.06,0,,0,0,10,0,0,0,0,0,0,0,0
2026-06-08 22:38:58,of:000000000000000d,34902898601232309,ADDED,org.onosproject.fwd,10,00:00:00:00:00:24,00:00:00:00:00:14,,,,,,,,5,3,0,0,0.0,612.85,6,0,0,2026-06-08 22:38:53,2026-06-08 22:38:58,5.06,0,,0,0,10,0,0,0,0,0,0,0,0
2026-06-08 22:38:58,of:000000000000000d,34902898763211829,ADDED,org.onosproject.fwd,10,00:00:00:00:00:21,00:00:00:00:00:13,,,,,,,,4,3,0,0,6.0,617.91,9,0,0,2026-06-08 22:38:48,2026-06-08 22:38:58,10.13,0,,0,0,10,0,0,0,0,0,0,0,0
2026-06-08 22:38:58,of:000000000000000d,34902901398774082,ADDED,org.onosproject.fwd,10,00:00:00:00:00:22,00:00:00:00:00:14,,,,,,,,5,3,0,0,0.0,612.85,10,0,0,2026-06-08 22:38:48,2026-06-08 22:38:58,10.13,0,,0,0,10,0,0,0,0,0,0,0,0
2026-06-08 22:38:58,of:000000000000000d,34902901083580873,ADDED,org.onosproject.fwd,10,00:00:00:00:00:14,00:00:00:00:00:24,,,,,,,,3,5,0,0,0.0,612.85,6,0,0,2026-06-08 22:38:53,2026-06-08 22:38:58,5.06,0,,0,0,10,0,0,0,0,0,0,0,0
2026-06-08 22:38:58,of:000000000000000d,34902898421318985,ADDED,org.onosproject.fwd,10,00:00:00:00:00:1E,00:00:00:00:00:13,,,,,,,,4,3,0,0,7.0,617.91,10,0,0,2026-06-08 22:38:53,2026-06-08 22:38:58,5.06,0,,0,0,10,0,0,0,0,0,0,0,0
2026-06-08 22:38:58,of:000000000000000d,34902898231629385,ADDED,org.onosproject.fwd,10,00:00:00:00:00:1F,00:00:00:00:00:13,,,,,,,,4,3,0,0,7.0,617.91,6,0,0,2026-06-08 22:38:48,2026-06-08 22:38:58,10.13,0,,0,0,10,0,0,0,0,0,0,0,0
2026-06-08 22:38:58,of:000000000000000d,34902898361930828,ADDED,org.onosproject.fwd,10,00:00:00:00:00:13,00:00:00:00:00:1D,,,,,,,,3,4,0,0,7.0,617.91,10,0,0,2026-06-08 22:38:53,2026-06-08 22:38:58,5.06,0,,0,0,10,0,0,0,0,0,0,0,0
2026-06-08 22:38:58,of:000000000000000d,34902899293474765,ADDED,org.onosproject.fwd,10,00:00:00:00:00:28,00:00:00:00:00:13,,,,,,,,5,3,0,0,5.0,617.91,8,0,0,2026-06-08 22:38:48,2026-06-08 22:38:58,10.13,0,,0,0,10,0,0,0,0,0,0,0,0
2026-06-08 22:38:58,of:000000000000000d,34902897378563923,ADDED,org.onosproject.fwd,10,00:00:00:00:00:20,00:00:00:00:00:13,,,,,,,,4,3,0,0,7.0,617.91,8,0,0,2026-06-08 22:38:53,2026-06-08 22:38:58,5.06,0,,0,0,10,0,0,0,0,0,0,0,0
2026-06-08 22:38:58,of:000000000000000d,34902900825148117,ADDED,org.onosproject.fwd,10,00:00:00:00:00:13,00:00:00:00:00:1E,,,,,,,,3,4,0,0,7.0,617.91,10,0,0,2026-06-08 22:38:53,2026-06-08 22:38:58,5.06,0,,0,0,10,0,0,0,0,0,0,0,0
2026-06-08 22:38:58,of:000000000000000d,34902900918510552,ADDED,org.onosproject.fwd,10,00:00:00:00:00:14,00:00:00:00:00:1D,,,,,,,,3,4,0,0,1.0,612.85,10,0,0,2026-06-08 22:38:53,2026-06-08 22:38:58,5.06,0,,0,0,10,0,0,0,0,0,0,0,0
2026-06-08 22:38:58,of:000000000000000d,34902897550632152,ADDED,org.onosproject.fwd,10,00:00:00:00:00:1D,00:00:00:00:00:13,,,,,,,,4,3,0,0,7.0,617.91,10,0,0,2026-06-08 22:38:53,2026-06-08 22:38:58,5.06,0,,0,0,10,0,0,0,0,0,0,0,0
2026-06-08 22:38:58,of:000000000000000d,34902897662613085,ADDED,org.onosproject.fwd,10,00:00:00:00:00:1F,00:00:00:00:00:14,,,,,,,,4,3,0,0,0.0,612.85,5,0,0,2026-06-08 22:38:53,2026-06-08 22:38:58,5.06,0,,0,0,10,0,0,0,0,0,0,0,0
2026-06-08 22:38:58,of:000000000000000d,34902900516637664,ADDED,org.onosproject.fwd,10,00:00:00:00:00:24,00:00:00:00:00:13,,,,,,,,5,3,0,0,6.0,617.91,8,0,0,2026-06-08 22:38:53,2026-06-08 22:38:58,5.06,0,,0,0,10,0,0,0,0,0,0,0,0
2026-06-08 22:38:58,of:000000000000000d,34902898160078944,ADDED,org.onosproject.fwd,10,00:00:00:00:00:13,00:00:00:00:00:24,,,,,,,,3,5,0,0,6.0,617.91,8,0,0,2026-06-08 22:38:53,2026-06-08 22:38:58,5.06,0,,0,0,10,0,0,0,0,0,0,0,0
2026-06-08 22:38:58,of:000000000000000d,34902899378778082,ADDED,org.onosproject.fwd,10,00:00:00:00:00:13,00:00:00:00:00:27,,,,,,,,3,5,0,0,6.0,617.91,8,0,0,2026-06-08 22:38:53,2026-06-08 22:38:58,5.06,0,,0,0,10,0,0,0,0,0,0,0,0
2026-06-08 22:38:58,of:000000000000000d,34902897973640804,ADDED,org.onosproject.fwd,10,00:00:00:00:00:13,00:00:00:00:00:21,,,,,,,,3,4,0,0,7.0,617.91,9,0,0,2026-06-08 22:38:53,2026-06-08 22:38:58,5.06,0,,0,0,10,0,0,0,0,0,0,0,0
2026-06-08 22:38:58,of:000000000000000d,34902900142766824,ADDED,org.onosproject.fwd,10,00:00:00:00:00:22,00:00:00:00:00:13,,,,,,,,5,3,0,0,6.0,617.91,10,0,0,2026-06-08 22:38:53,2026-06-08 22:38:58,5.06,0,,0,0,10,0,0,0,0,0,0,0,0
2026-06-08 22:38:58,of:000000000000000d,34902899291208169,ADDED,org.onosproject.fwd,10,00:00:00:00:00:13,00:00:00:00:00:1C,,,,,,,,3,4,0,0,8.0,617.91,10,0,0,2026-06-08 22:38:58,2026-06-08 22:38:58,0.0,0,,0,0,10,0,0,0,0,0,0,0,0
2026-06-08 22:38:58,of:000000000000000d,34902900843856109,ADDED,org.onosproject.fwd,10,00:00:00:00:00:21,00:00:00:00:00:14,,,,,,,,4,3,0,0,0.0,612.85,8,0,0,2026-06-08 22:38:53,2026-06-08 22:38:58,5.06,0,,0,0,10,0,0,0,0,0,0,0,0
2026-06-08 22:38:58,of:000000000000000d,34902897582968429,ADDED,org.onosproject.fwd,10,00:00:00:00:00:13,00:00:00:00:00:22,,,,,,,,3,5,0,0,6.0,617.91,10,0,0,2026-06-08 22:38:58,2026-06-08 22:38:58,0.0,0,,0,0,10,0,0,0,0,0,0,0,0
2026-06-08 22:38:58,of:000000000000000d,34902899241423727,ADDED,org.onosproject.fwd,10,00:00:00:00:00:27,00:00:00:00:00:13,,,,,,,,5,3,0,0,6.0,617.91,8,0,0,2026-06-08 22:38:48,2026-06-08 22:38:58,10.13,0,,0,0,10,0,0,0,0,0,0,0,0
2026-06-08 22:38:58,of:000000000000000d,34902899931597935,ADDED,org.onosproject.fwd,10,00:00:00:00:00:13,00:00:00:00:00:25,,,,,,,,3,5,0,0,6.0,617.91,10,0,0,2026-06-08 22:38:58,2026-06-08 22:38:58,0.0,0,,0,0,10,0,0,0,0,0,0,0,0
2026-06-08 22:38:58,of:000000000000000d,34902899996546675,ADDED,org.onosproject.fwd,10,00:00:00:00:00:13,00:00:00:00:00:23,,,,,,,,3,5,0,0,6.0,617.91,10,0,0,2026-06-08 22:38:58,2026-06-08 22:38:58,0.0,0,,0,0,10,0,0,0,0,0,0,0,0
2026-06-08 22:38:58,of:000000000000000d,34902897712456436,ADDED,org.onosproject.fwd,10,00:00:00:00:00:14,00:00:00:00:00:1E,,,,,,,,3,4,0,0,0.0,612.85,9,0,0,2026-06-08 22:38:53,2026-06-08 22:38:58,5.06,0,,0,0,10,0,0,0,0,0,0,0,0
2026-06-08 22:38:58,of:000000000000000d,34902900006387962,ADDED,org.onosproject.fwd,10,00:00:00:00:00:1C,00:00:00:00:00:13,,,,,,,,4,3,0,0,8.0,617.91,10,0,0,2026-06-08 22:38:53,2026-06-08 22:38:58,5.06,0,,0,0,10,0,0,0,0,0,0,0,0
2026-06-08 22:38:58,of:000000000000000d,34902897346312189,ADDED,org.onosproject.fwd,10,00:00:00:00:00:14,00:00:00:00:00:20,,,,,,,,3,4,0,0,0.0,612.85,7,0,0,2026-06-08 22:38:53,2026-06-08 22:38:58,5.06,0,,0,0,10,0,0,0,0,0,0,0,0
2026-06-08 22:38:58,of:000000000000000d,34902898677712893,ADDED,org.onosproject.fwd,10,00:00:00:00:00:1E,00:00:00:00:00:14,,,,,,,,4,3,0,0,0.0,612.85,9,0,0,2026-06-08 22:38:53,2026-06-08 22:38:58,5.06,0,,0,0,10,0,0,0,0,0,0,0,0
2026-06-08 22:38:58,of:000000000000000d,34902898699682559,ADDED,org.onosproject.fwd,10,00:00:00:00:00:23,00:00:00:00:00:14,,,,,,,,5,3,0,0,0.0,612.85,10,0,0,2026-06-08 22:38:53,2026-06-08 22:38:58,5.06,0,,0,0,10,0,0,0,0,0,0,0,0
2026-06-08 22:38:58,of:000000000000000b,34902900111292929,ADDED,org.onosproject.fwd,10,00:00:00:00:00:04,00:00:00:00:00:14,,,,,,,,4,2,0,0,7.0,699.37,10,0,0,2026-06-08 22:38:48,2026-06-08 22:38:58,10.13,0,,0,0,10,0,0,0,0,0,0,0,0
2026-06-08 22:38:58,of:000000000000000b,34902900262727174,ADDED,org.onosproject.fwd,10,00:00:00:00:00:14,00:00:00:00:00:0A,,,,,,,,2,5,0,0,6.0,612.85,9,0,0,2026-06-08 22:38:58,2026-06-08 22:38:58,0.0,0,,0,0,10,0,0,0,0,0,0,0,0
2026-06-08 22:38:58,of:000000000000000b,34902899996795399,ADDED,org.onosproject.fwd,10,00:00:00:00:00:14,00:00:00:00:00:03,,,,,,,,2,4,0,0,7.0,704.42,10,0,0,2026-06-08 22:38:58,2026-06-08 22:38:58,0.0,0,,0,0,10,0,0,0,0,0,0,0,0
2026-06-08 22:38:58,of:000000000000000b,34902898539648907,ADDED,org.onosproject.fwd,10,00:00:00:00:00:05,00:00:00:00:00:15,,,,,,,,4,2,0,0,0.0,602.72,4,0,0,2026-06-08 22:38:48,2026-06-08 22:38:58,10.13,0,,0,0,10,0,0,0,0,0,0,0,0
2026-06-08 22:38:58,of:000000000000000b,34902898670044172,ADDED,org.onosproject.fwd,10,00:00:00:00:00:0E,00:00:00:00:00:14,,,,,,,,5,2,0,0,5.0,612.85,8,0,0,2026-06-08 22:38:53,2026-06-08 22:38:58,5.06,0,,0,0,10,0,0,0,0,0,0,0,0
2026-06-08 22:38:58,of:000000000000000b,34902899790206477,ADDED,org.onosproject.fwd,10,00:00:00:00:00:05,00:00:00:00:00:14,,,,,,,,4,2,0,0,7.0,612.85,7,0,0,2026-06-08 22:38:53,2026-06-08 22:38:58,5.06,0,,0,0,10,0,0,0,0,0,0,0,0
2026-06-08 22:38:58,of:000000000000000b,34902901251568401,ADDED,org.onosproject.fwd,10,00:00:00:00:00:14,00:00:00:00:00:07,,,,,,,,2,4,0,0,6.0,679.16,10,0,0,2026-06-08 22:38:58,2026-06-08 22:38:58,0.0,0,,0,0,10,0,0,0,0,0,0,0,0
2026-06-08 22:38:58,of:000000000000000b,34902898559837458,ADDED,org.onosproject.fwd,10,00:00:00:00:00:14,00:00:00:00:00:05,,,,,,,,2,4,0,0,7.0,612.85,7,0,0,2026-06-08 22:38:58,2026-06-08 22:38:58,0.0,0,,0,0,10,0,0,0,0,0,0,0,0
2026-06-08 22:38:58,of:000000000000000b,34902899323746962,ADDED,org.onosproject.fwd,10,00:00:00:00:00:15,00:00:00:00:00:06,,,,,,,,2,4,0,0,0.0,602.72,4,0,0,2026-06-08 22:38:38,2026-06-08 22:38:58,20.35,0,,0,0,10,0,0,0,0,0,0,0,0
2026-06-08 22:38:58,of:000000000000000b,34902900050741138,ADDED,org.onosproject.fwd,10,00:00:00:00:00:03,00:00:00:00:00:15,,,,,,,,4,2,0,0,0.0,704.42,10,0,0,2026-06-08 22:38:48,2026-06-08 22:38:58,10.13,0,,0,0,10,0,0,0,0,0,0,0,0
2026-06-08 22:38:58,of:000000000000000b,34902900731104274,ADDED,org.onosproject.fwd,10,00:00:00:00:00:14,00:00:00:00:00:0D,,,,,,,,2,5,0,0,5.0,653.86,10,0,0,2026-06-08 22:38:58,2026-06-08 22:38:58,0.0,0,,0,0,10,0,0,0,0,0,0,0,0
2026-06-08 22:38:58,of:000000000000000b,34902898214316184,ADDED,org.onosproject.fwd,10,00:00:00:00:00:15,00:00:00:00:00:02,,,,,,,,2,4,0,0,1.0,709.47,10,0,0,2026-06-08 22:38:43,2026-06-08 22:38:58,15.3,0,,0,0,10,0,0,0,0,0,0,0,0
2026-06-08 22:38:58,of:000000000000000b,34902900746751130,ADDED,org.onosproject.fwd,10,00:00:00:00:00:03,00:00:00:00:00:14,,,,,,,,4,2,0,0,7.0,704.42,10,0,0,2026-06-08 22:38:53,2026-06-08 22:38:58,5.06,0,,0,0,10,0,0,0,0,0,0,0,0
2026-06-08 22:38:58,of:000000000000000b,34902899413120539,ADDED,org.onosproject.fwd,10,00:00:00:00:00:14,00:00:00:00:00:0E,,,,,,,,2,5,0,0,5.0,612.85,10,0,0,2026-06-08 22:38:58,2026-06-08 22:38:58,0.0,0,,0,0,10,0,0,0,0,0,0,0,0
2026-06-08 22:38:58,of:000000000000000b,34902897522015516,ADDED,org.onosproject.fwd,10,00:00:00:00:00:15,00:00:00:00:00:07,,,,,,,,2,4,0,0,0.0,679.16,10,0,0,2026-06-08 22:38:43,2026-06-08 22:38:58,15.3,0,,0,0,10,0,0,0,0,0,0,0,0
2026-06-08 22:38:58,of:000000000000000b,34902901218597024,ADDED,org.onosproject.fwd,10,00:00:00:00:00:02,00:00:00:00:00:14,,,,,,,,4,2,0,0,7.0,714.54,10,0,0,2026-06-08 22:38:48,2026-06-08 22:38:58,10.13,0,,0,0,10,0,0,0,0,0,0,0,0
2026-06-08 22:38:58,of:000000000000000b,34902897812524329,ADDED,org.onosproject.fwd,10,00:00:00:00:00:0A,00:00:00:00:00:14,,,,,,,,5,2,0,0,6.0,612.85,9,0,0,2026-06-08 22:38:53,2026-06-08 22:38:58,5.06,0,,0,0,10,0,0,0,0,0,0,0,0
2026-06-08 22:38:58,of:000000000000000b,34902897946941482,ADDED,org.onosproject.fwd,10,00:00:00:00:00:14,00:00:00:00:00:0F,,,,,,,,2,5,0,0,4.0,612.85,10,0,0,2026-06-08 22:38:58,2026-06-08 22:38:58,0.0,0,,0,0,10,0,0,0,0,0,0,0,0
2026-06-08 22:38:58,of:000000000000000b,34902897587420077,ADDED,org.onosproject.fwd,10,00:00:00:00:00:14,00:00:00:00:00:08,,,,,,,,2,4,0,0,6.0,679.16,10,0,0,2026-06-08 22:38:58,2026-06-08 22:38:58,0.0,0,,0,0,10,0,0,0,0,0,0,0,0
2026-06-08 22:38:58,of:000000000000000b,34902899495418419,ADDED,org.onosproject.fwd,10,00:00:00:00:00:0B,00:00:00:00:00:14,,,,,,,,5,2,0,0,5.0,658.91,10,0,0,2026-06-08 22:38:53,2026-06-08 22:38:58,5.06,0,,0,0,10,0,0,0,0,0,0,0,0
2026-06-08 22:38:58,of:000000000000000b,34902899707004988,ADDED,org.onosproject.fwd,10,00:00:00:00:00:15,00:00:00:00:00:05,,,,,,,,2,4,0,0,0.0,602.72,4,0,0,2026-06-08 22:38:43,2026-06-08 22:38:58,15.3,0,,0,0,10,0,0,0,0,0,0,0,0
2026-06-08 22:38:58,of:000000000000000b,34902899675784255,ADDED,org.onosproject.fwd,10,00:00:00:00:00:14,00:00:00:00:00:0B,,,,,,,,2,5,0,0,6.0,658.91,10,0,0,2026-06-08 22:38:58,2026-06-08 22:38:58,0.0,0,,0,0,10,0,0,0,0,0,0,0,0
2026-06-08 22:38:58,of:000000000000000b,34902897320279107,ADDED,org.onosproject.fwd,10,00:00:00:00:00:08,00:00:00:00:00:14,,,,,,,,4,2,0,0,6.0,679.16,10,0,0,2026-06-08 22:38:53,2026-06-08 22:38:58,5.06,0,,0,0,10,0,0,0,0,0,0,0,0
2026-06-08 22:38:58,of:000000000000000b,34902897946498628,ADDED,org.onosproject.fwd,10,00:00:00:00:00:14,00:00:00:00:00:04,,,,,,,,2,4,0,0,7.0,699.37,10,0,0,2026-06-08 22:38:58,2026-06-08 22:38:58,0.0,0,,0,0,10,0,0,0,0,0,0,0,0
2026-06-08 22:38:58,of:000000000000000b,34902899524070980,ADDED,org.onosproject.fwd,10,00:00:00:00:00:0D,00:00:00:00:00:14,,,,,,,,5,2,0,0,5.0,653.86,10,0,0,2026-06-08 22:38:53,2026-06-08 22:38:58,5.06,0,,0,0,10,0,0,0,0,0,0,0,0
2026-06-08 22:38:58,of:000000000000000b,34902898710334663,ADDED,org.onosproject.fwd,10,00:00:00:00:00:07,00:00:00:00:00:14,,,,,,,,4,2,0,0,6.0,679.16,10,0,0,2026-06-08 22:38:48,2026-06-08 22:38:58,10.13,0,,0,0,10,0,0,0,0,0,0,0,0
2026-06-08 22:38:58,of:000000000000000b,34902898672536137,ADDED,org.onosproject.fwd,10,00:00:00:00:00:06,00:00:00:00:00:14,,,,,,,,4,2,0,0,6.0,612.85,7,0,0,2026-06-08 22:38:48,2026-06-08 22:38:58,10.13,0,,0,0,10,0,0,0,0,0,0,0,0
2026-06-08 22:38:58,of:000000000000000b,34902897399280202,ADDED,org.onosproject.fwd,10,00:00:00:00:00:06,00:00:00:00:00:15,,,,,,,,4,2,0,0,0.0,602.72,4,0,0,2026-06-08 22:38:53,2026-06-08 22:38:58,5.06,0,,0,0,10,0,0,0,0,0,0,0,0
2026-06-08 22:38:58,of:000000000000000b,34902899528758732,ADDED,org.onosproject.fwd,10,00:00:00:00:00:0F,00:00:00:00:00:14,,,,,,,,5,2,0,0,4.0,612.85,10,0,0,2026-06-08 22:38:53,2026-06-08 22:38:58,5.06,0,,0,0,5,0,0,0,0,0,0,0,0
2026-06-08 22:38:58,of:000000000000000b,34902898171132369,ADDED,org.onosproject.fwd,10,00:00:00:00:00:15,00:00:00:00:00:04,,,,,,,,2,4,0,0,0.0,699.37,10,0,0,2026-06-08 22:38:43,2026-06-08 22:38:58,15.3,0,,0,0,10,0,0,0,0,0,0,0,0
2026-06-08 22:38:58,of:000000000000000b,34902897571355867,ADDED,org.onosproject.fwd,10,00:00:00:00:00:15,00:00:00:00:00:03,,,,,,,,2,4,0,0,0.0,704.42,10,0,0,2026-06-08 22:38:48,2026-06-08 22:38:58,10.13,0,,0,0,10,0,0,0,0,0,0,0,0
2026-06-08 22:38:58,of:000000000000000b,34902898228579938,ADDED,org.onosproject.fwd,10,00:00:00:00:00:14,00:00:00:00:00:02,,,,,,,,2,4,0,0,7.0,714.54,10,0,0,2026-06-08 22:38:58,2026-06-08 22:38:58,0.0,0,,0,0,10,0,0,0,0,0,0,0,0
2026-06-08 22:38:58,of:000000000000000b,34902900060977638,ADDED,org.onosproject.fwd,10,00:00:00:00:00:02,00:00:00:00:00:15,,,,,,,,4,2,0,0,1.0,714.54,10,0,0,2026-06-08 22:38:53,2026-06-08 22:38:58,5.06,0,,0,0,10,0,0,0,0,0,0,0,0
2026-06-08 22:38:58,of:000000000000000b,34902900948315241,ADDED,org.onosproject.fwd,10,00:00:00:00:00:0C,00:00:00:00:00:14,,,,,,,,5,2,0,0,5.0,658.91,10,0,0,2026-06-08 22:38:53,2026-06-08 22:38:58,5.06,0,,0,0,10,0,0,0,0,0,0,0,0
2026-06-08 22:38:58,of:000000000000000b,34902897431023338,ADDED,org.onosproject.fwd,10,00:00:00:00:00:04,00:00:00:00:00:15,,,,,,,,4,2,0,0,0.0,699.37,10,0,0,2026-06-08 22:38:53,2026-06-08 22:38:58,5.06,0,,0,0,10,0,0,0,0,0,0,0,0
2026-06-08 22:38:58,of:000000000000000b,34902900058117995,ADDED,org.onosproject.fwd,10,00:00:00:00:00:14,00:00:00:00:00:06,,,,,,,,2,4,0,0,6.0,612.85,7,0,0,2026-06-08 22:38:58,2026-06-08 22:38:58,0.0,0,,0,0,10,0,0,0,0,0,0,0,0
2026-06-08 22:38:58,of:000000000000000b,34902899676110829,ADDED,org.onosproject.fwd,10,00:00:00:00:00:09,00:00:00:00:00:14,,,,,,,,5,2,0,0,6.0,612.85,9,0,0,2026-06-08 22:38:53,2026-06-08 22:38:58,5.06,0,,0,0,10,0,0,0,0,0,0,0,0
2026-06-08 22:38:58,of:000000000000000b,34902900807883121,ADDED,org.onosproject.fwd,10,00:00:00:00:00:14,00:00:00:00:00:0C,,,,,,,,2,5,0,0,5.0,658.91,10,0,0,2026-06-08 22:38:58,2026-06-08 22:38:58,0.0,0,,0,0,10,0,0,0,0,0,0,0,0
2026-06-08 22:38:58,of:000000000000000b,34902900530212729,ADDED,org.onosproject.fwd,10,00:00:00:00:00:14,00:00:00:00:00:09,,,,,,,,2,5,0,0,6.0,612.85,9,0,0,2026-06-08 22:38:58,2026-06-08 22:38:58,0.0,0,,0,0,10,0,0,0,0,0,0,0,0
2026-06-08 22:38:58,of:0000000000000003,34902897149431811,ADDED,org.onosproject.fwd,10,00:00:00:00:00:0D,00:00:00:00:00:14,,,,,,,,7,1,0,0,5.0,653.86,10,0,0,2026-06-08 22:38:53,2026-06-08 22:38:58,5.06,0,,0,0,10,0,0,0,0,0,0,0,0
2026-06-08 22:38:58,of:0000000000000003,34902899562059537,ADDED,org.onosproject.fwd,10,00:00:00:00:00:14,00:00:00:00:00:0E,,,,,,,,1,8,0,0,5.0,607.79,9,0,0,2026-06-08 22:38:58,2026-06-08 22:38:58,0.0,0,,0,0,10,0,0,0,0,0,0,0,0
2026-06-08 22:38:58,of:0000000000000003,34902899988969239,ADDED,org.onosproject.fwd,10,00:00:00:00:00:14,00:00:00:00:00:0D,,,,,,,,1,7,0,0,5.0,653.86,10,0,0,2026-06-08 22:38:58,2026-06-08 22:38:58,0.0,0,,0,0,10,0,0,0,0,0,0,0,0
2026-06-08 22:38:58,of:0000000000000003,34902899915703582,ADDED,org.onosproject.fwd,10,00:00:00:00:00:14,00:00:00:00:00:0A,,,,,,,,1,4,0,0,6.0,669.04,10,0,0,2026-06-08 22:38:58,2026-06-08 22:38:58,0.0,0,,0,0,10,0,0,0,0,0,0,0,0
2026-06-08 22:38:58,of:0000000000000003,34902900330651044,ADDED,org.onosproject.fwd,10,00:00:00:00:00:0A,00:00:00:00:00:14,,,,,,,,4,1,0,0,6.0,669.04,10,0,0,2026-06-08 22:38:53,2026-06-08 22:38:58,5.06,0,,0,0,10,0,0,0,0,0,0,0,0
2026-06-08 22:38:58,of:0000000000000003,34902897440892596,ADDED,org.onosproject.fwd,10,00:00:00:00:00:0F,00:00:00:00:00:14,,,,,,,,9,1,0,0,4.0,607.79,10,0,0,2026-06-08 22:38:53,2026-06-08 22:38:58,5.06,0,,0,0,6,0,0,0,0,0,0,0,0
2026-06-08 22:38:58,of:0000000000000003,34902898927082682,ADDED,org.onosproject.fwd,10,00:00:00:00:00:14,00:00:00:00:00:0C,,,,,,,,1,6,0,0,5.0,653.86,10,0,0,2026-06-08 22:38:58,2026-06-08 22:38:58,0.0,0,,0,0,10,0,0,0,0,0,0,0,0
2026-06-08 22:38:58,of:0000000000000003,34902898013588550,ADDED,org.onosproject.fwd,10,00:00:00:00:00:14,00:00:00:00:00:0F,,,,,,,,1,9,0,0,4.0,607.79,10,0,0,2026-06-08 22:38:58,2026-06-08 22:38:58,0.0,0,,0,0,10,0,0,0,0,0,0,0,0
2026-06-08 22:38:58,of:0000000000000003,34902897945746123,ADDED,org.onosproject.fwd,10,00:00:00:00:00:14,00:00:00:00:00:09,,,,,,,,1,3,0,0,6.0,674.1,10,0,0,2026-06-08 22:38:58,2026-06-08 22:38:58,0.0,0,,0,0,10,0,0,0,0,0,0,0,0
2026-06-08 22:38:58,of:0000000000000003,34902901318094285,ADDED,org.onosproject.fwd,10,00:00:00:00:00:09,00:00:00:00:00:14,,,,,,,,3,1,0,0,6.0,674.1,10,0,0,2026-06-08 22:38:53,2026-06-08 22:38:58,5.06,0,,0,0,10,0,0,0,0,0,0,0,0
2026-06-08 22:38:58,of:0000000000000003,34902897622786398,ADDED,org.onosproject.fwd,10,00:00:00:00:00:0E,00:00:00:00:00:14,,,,,,,,8,1,0,0,5.0,607.79,9,0,0,2026-06-08 22:38:53,2026-06-08 22:38:58,5.06,0,,0,0,10,0,0,0,0,0,0,0,0
2026-06-08 22:38:58,of:0000000000000003,34902897223110379,ADDED,org.onosproject.fwd,10,00:00:00:00:00:0B,00:00:00:00:00:14,,,,,,,,5,1,0,0,6.0,663.96,10,0,0,2026-06-08 22:38:53,2026-06-08 22:38:58,5.06,0,,0,0,10,0,0,0,0,0,0,0,0
2026-06-08 22:38:58,of:0000000000000003,34902897902939513,ADDED,org.onosproject.fwd,10,00:00:00:00:00:14,00:00:00:00:00:0B,,,,,,,,1,5,0,0,6.0,663.96,10,0,0,2026-06-08 22:38:58,2026-06-08 22:38:58,0.0,0,,0,0,10,0,0,0,0,0,0,0,0
2026-06-08 22:38:58,of:0000000000000003,34902900013923327,ADDED,org.onosproject.fwd,10,00:00:00:00:00:0C,00:00:00:00:00:14,,,,,,,,6,1,0,0,5.0,653.86,10,0,0,2026-06-08 22:38:53,2026-06-08 22:38:58,5.06,0,,0,0,10,0,0,0,0,0,0,0,0
2026-06-08 22:38:58,of:0000000000000004,34902897825549440,ADDED,org.onosproject.fwd,10,00:00:00:00:00:11,00:00:00:00:00:16,,,,,,,,4,2,0,0,7.0,628.04,10,0,0,2026-06-08 22:38:58,2026-06-08 22:38:58,0.0,0,,0,0,10,0,0,0,0,0,0,0,0
2026-06-08 22:38:58,of:0000000000000004,34902899547053056,ADDED,org.onosproject.fwd,10,00:00:00:00:00:11,00:00:00:00:00:1F,,,,,,,,4,1,0,0,6.0,628.04,10,0,0,2026-06-08 22:38:58,2026-06-08 22:38:58,0.0,0,,0,0,10,0,0,0,0,0,0,0,0
2026-06-08 22:38:58,of:0000000000000004,34902900156435073,ADDED,org.onosproject.fwd,10,00:00:00:00:00:12,00:00:00:00:00:0A,,,,,,,,5,1,0,0,2.0,669.04,10,0,0,2026-06-08 22:38:58,2026-06-08 22:38:58,0.0,0,,0,0,10,0,0,0,0,0,0,0,0
2026-06-08 22:38:58,of:0000000000000004,34902899602453505,ADDED,org.onosproject.fwd,10,00:00:00:00:00:12,00:00:00:00:00:10,,,,,,,,5,3,1,98,12.0,633.13,10,0,0,2026-06-08 22:38:58,2026-06-08 22:38:58,0.0,0,,0,0,9,0,0,0,0,0,0,0,0
2026-06-08 22:38:58,of:0000000000000004,34902898836253442,ADDED,org.onosproject.fwd,10,00:00:00:00:00:11,00:00:00:00:00:1E,,,,,,,,4,1,0,0,6.0,628.04,10,0,0,2026-06-08 22:38:58,2026-06-08 22:38:58,0.0,0,,0,0,10,0,0,0,0,0,0,0,0
2026-06-08 22:38:58,of:0000000000000004,34902899499268996,ADDED,org.onosproject.fwd,10,00:00:00:00:00:12,00:00:00:00:00:01,,,,,,,,5,1,0,0,4.0,714.54,10,0,0,2026-06-08 22:38:58,2026-06-08 22:38:58,0.0,0,,0,0,9,0,0,0,0,0,0,0,0
2026-06-08 22:38:58,of:0000000000000004,34902899148998789,ADDED,org.onosproject.fwd,10,00:00:00:00:00:11,00:00:00:00:00:25,,,,,,,,4,1,0,0,5.0,628.04,10,0,0,2026-06-08 22:38:58,2026-06-08 22:38:58,0.0,0,,0,0,10,0,0,0,0,0,0,0,0
2026-06-08 22:38:58,of:0000000000000004,34902899362590469,ADDED,org.onosproject.fwd,10,00:00:00:00:00:11,00:00:00:00:00:24,,,,,,,,4,1,0,0,5.0,628.04,10,0,0,2026-06-08 22:38:58,2026-06-08 22:38:58,0.0,0,,0,0,10,0,0,0,0,0,0,0,0
2026-06-08 22:38:58,of:0000000000000004,34902897991426821,ADDED,org.onosproject.fwd,10,00:00:00:00:00:0C,00:00:00:00:00:12,,,,,,,,1,5,0,0,2.0,658.91,10,0,0,2026-06-08 22:38:53,2026-06-08 22:38:58,5.06,0,,0,0,10,0,0,0,0,0,0,0,0
2026-06-08 22:38:58,of:0000000000000004,34902897160088455,ADDED,org.onosproject.fwd,10,00:00:00:00:00:11,00:00:00:00:00:0F,,,,,,,,4,1,1,98,18.0,643.71,10,0,0,2026-06-08 22:38:58,2026-06-08 22:38:58,0.0,0,,0,0,9,0,0,0,0,0,0,0,0
2026-06-08 22:38:58,of:0000000000000004,34902897979884679,ADDED,org.onosproject.fwd,10,00:00:00:00:00:1E,00:00:00:00:00:12,,,,,,,,1,5,0,0,0.0,552.11,7,0,0,2026-06-08 22:38:53,2026-06-08 22:38:58,5.06,0,,0,0,10,0,0,0,0,0,0,0,0
2026-06-08 22:38:58,of:0000000000000004,34902900922402697,ADDED,org.onosproject.fwd,10,00:00:00:00:00:03,00:00:00:00:00:12,,,,,,,,1,5,0,0,3.0,704.42,10,0,0,2026-06-08 22:38:53,2026-06-08 22:38:58,5.06,0,,0,0,10,0,0,0,0,0,0,0,0
2026-06-08 22:38:58,of:0000000000000004,34902899152898825,ADDED,org.onosproject.fwd,10,00:00:00:00:00:11,00:00:00:00:00:23,,,,,,,,4,1,0,0,5.0,628.04,10,0,0,2026-06-08 22:38:58,2026-06-08 22:38:58,0.0,0,,0,0,9,0,0,0,0,0,0,0,0
2026-06-08 22:38:58,of:0000000000000004,34902899459032970,ADDED,org.onosproject.fwd,10,00:00:00:00:00:23,00:00:00:00:00:11,,,,,,,,1,4,0,0,5.0,628.04,10,0,0,2026-06-08 22:38:53,2026-06-08 22:38:58,5.06,0,,0,0,10,0,0,0,0,0,0,0,0
2026-06-08 22:38:58,of:0000000000000004,34902900195617803,ADDED,org.onosproject.fwd,10,00:00:00:00:00:24,00:00:00:00:00:11,,,,,,,,1,4,0,0,5.0,628.04,10,0,0,2026-06-08 22:38:53,2026-06-08 22:38:58,5.06,0,,0,0,10,0,0,0,0,0,0,0,0
2026-06-08 22:38:58,of:0000000000000004,34902900376529163,ADDED,org.onosproject.fwd,10,00:00:00:00:00:11,00:00:00:00:00:14,,,,,,,,4,7,0,0,7.0,628.04,10,0,0,2026-06-08 22:38:58,2026-06-08 22:38:58,0.0,0,,0,0,9,0,0,0,0,0,0,0,0
2026-06-08 22:38:58,of:0000000000000004,34902897250781197,ADDED,org.onosproject.fwd,10,00:00:00:00:00:11,00:00:00:00:00:06,,,,,,,,4,1,0,0,9.0,689.28,10,0,0,2026-06-08 22:38:58,2026-06-08 22:38:58,0.0,0,,0,0,9,0,0,0,0,0,0,0,0
2026-06-08 22:38:58,of:0000000000000004,34902897982423053,ADDED,org.onosproject.fwd,10,00:00:00:00:00:06,00:00:00:00:00:11,,,,,,,,1,4,0,0,9.0,689.28,10,0,0,2026-06-08 22:38:53,2026-06-08 22:38:58,5.06,0,,0,0,10,0,0,0,0,0,0,0,0
2026-06-08 22:38:58,of:0000000000000004,34902897213644046,ADDED,org.onosproject.fwd,10,00:00:00:00:00:26,00:00:00:00:00:11,,,,,,,,1,4,0,0,4.0,628.04,10,0,0,2026-06-08 22:38:48,2026-06-08 22:38:58,10.13,0,,0,0,10,0,0,0,0,0,0,0,0
2026-06-08 22:38:58,of:0000000000000004,34902899158736526,ADDED,org.onosproject.fwd,10,00:00:00:00:00:11,00:00:00:00:00:0C,,,,,,,,4,1,0,0,8.0,658.91,10,0,0,2026-06-08 22:38:58,2026-06-08 22:38:58,0.0,0,,0,0,9,0,0,0,0,0,0,0,0
2026-06-08 22:38:58,of:0000000000000004,34902897785067918,ADDED,org.onosproject.fwd,10,00:00:00:00:00:13,00:00:00:00:00:12,,,,,,,,6,5,0,0,1.0,622.99,10,0,0,2026-06-08 22:38:58,2026-06-08 22:38:58,0.0,0,,0,0,10,0,0,0,0,0,0,0,0
2026-06-08 22:38:58,of:0000000000000004,34902898311981839,ADDED,org.onosproject.fwd,10,00:00:00:00:00:12,00:00:00:00:00:0F,,,,,,,,5,1,0,0,2.0,643.71,10,0,0,2026-06-08 22:38:58,2026-06-08 22:38:58,0.0,0,,0,0,9,0,0,0,0,0,0,0,0
2026-06-08 22:38:58,of:0000000000000004,34902897473445775,ADDED,org.onosproject.fwd,10,00:00:00:00:00:0C,00:00:00:00:00:11,,,,,,,,1,4,0,0,8.0,658.91,10,0,0,2026-06-08 22:38:53,2026-06-08 22:38:58,5.06,0,,0,0,10,0,0,0,0,0,0,0,0
2026-06-08 22:38:58,of:0000000000000004,34902900091578512,ADDED,org.onosproject.fwd,10,00:00:00:00:00:11,00:00:00:00:00:28,,,,,,,,4,1,0,0,4.0,628.04,10,0,0,2026-06-08 22:38:58,2026-06-08 22:38:58,0.0,0,,0,0,9,0,0,0,0,0,0,0,0
2026-06-08 22:38:58,of:0000000000000004,34902899983491089,ADDED,org.onosproject.fwd,10,00:00:00:00:00:16,00:00:00:00:00:11,,,,,,,,2,4,0,0,7.0,628.04,10,0,0,2026-06-08 22:38:48,2026-06-08 22:38:58,10.13,0,,0,0,10,0,0,0,0,0,0,0,0
2026-06-08 22:38:58,of:0000000000000004,34902899839612818,ADDED,org.onosproject.fwd,10,00:00:00:00:00:11,00:00:00:00:00:22,,,,,,,,4,1,0,0,5.0,628.04,10,0,0,2026-06-08 22:38:58,2026-06-08 22:38:58,0.0,0,,0,0,9,0,0,0,0,0,0,0,0
2026-06-08 22:38:58,of:0000000000000004,34902897682739219,ADDED,org.onosproject.fwd,10,00:00:00:00:00:12,00:00:00:00:00:16,,,,,,,,5,2,0,0,1.0,622.99,10,0,0,2026-06-08 22:38:58,2026-06-08 22:38:58,0.0,0,,0,0,9,0,0,0,0,0,0,0,0
2026-06-08 22:38:58,of:0000000000000004,34902900661912211,ADDED,org.onosproject.fwd,10,00:00:00:00:00:1B,00:00:00:00:00:11,,,,,,,,2,4,0,0,6.0,628.04,10,0,0,2026-06-08 22:38:48,2026-06-08 22:38:58,10.13,0,,0,0,10,0,0,0,0,0,0,0,0
2026-06-08 22:38:58,of:0000000000000004,34902900365724695,ADDED,org.onosproject.fwd,10,00:00:00:00:00:1C,00:00:00:00:00:11,,,,,,,,1,4,0,0,6.0,628.04,10,0,0,2026-06-08 22:38:53,2026-06-08 22:38:58,5.06,0,,0,0,10,0,0,0,0,0,0,0,0
2026-06-08 22:38:58,of:0000000000000004,34902899628068888,ADDED,org.onosproject.fwd,10,00:00:00:00:00:17,00:00:00:00:00:12,,,,,,,,2,5,0,0,1.0,622.99,10,0,0,2026-06-08 22:38:48,2026-06-08 22:38:58,10.13,0,,0,0,10,0,0,0,0,0,0,0,0
2026-06-08 22:38:58,of:0000000000000004,34902898879336344,ADDED,org.onosproject.fwd,10,00:00:00:00:00:11,00:00:00:00:00:0D,,,,,,,,4,1,0,0,8.0,653.86,10,0,0,2026-06-08 22:38:58,2026-06-08 22:38:58,0.0,0,,0,0,9,0,0,0,0,0,0,0,0
2026-06-08 22:38:58,of:0000000000000004,34902900338916633,ADDED,org.onosproject.fwd,10,00:00:00:00:00:11,00:00:00:00:00:19,,,,,,,,4,2,0,0,7.0,628.04,10,0,0,2026-06-08 22:38:58,2026-06-08 22:38:58,0.0,0,,0,0,9,0,0,0,0,0,0,0,0
2026-06-08 22:38:58,of:0000000000000004,34902900972579610,ADDED,org.onosproject.fwd,10,00:00:00:00:00:12,00:00:00:00:00:18,,,,,,,,5,2,0,0,1.0,622.99,10,0,0,2026-06-08 22:38:58,2026-06-08 22:38:58,0.0,0,,0,0,9,0,0,0,0,0,0,0,0
2026-06-08 22:38:58,of:0000000000000004,34902898814628508,ADDED,org.onosproject.fwd,10,00:00:00:00:00:01,00:00:00:00:00:12,,,,,,,,1,5,0,0,4.0,714.54,10,0,0,2026-06-08 22:38:48,2026-06-08 22:38:58,10.13,0,,0,0,10,0,0,0,0,0,0,0,0
2026-06-08 22:38:58,of:0000000000000004,34902900314154780,ADDED,org.onosproject.fwd,10,00:00:00:00:00:08,00:00:00:00:00:12,,,,,,,,1,5,0,0,3.0,679.16,10,0,0,2026-06-08 22:38:53,2026-06-08 22:38:58,5.06,0,,0,0,10,0,0,0,0,0,0,0,0
2026-06-08 22:38:58,of:0000000000000004,34902900996195357,ADDED,org.onosproject.fwd,10,00:00:00:00:00:11,00:00:00:00:00:15,,,,,,,,4,8,0,0,7.0,628.04,10,0,0,2026-06-08 22:38:58,2026-06-08 22:38:58,0.0,0,,0,0,9,0,0,0,0,0,0,0,0
2026-06-08 22:38:58,of:0000000000000004,34902900546173213,ADDED,org.onosproject.fwd,10,00:00:00:00:00:22,00:00:00:00:00:11,,,,,,,,1,4,0,0,5.0,628.04,10,0,0,2026-06-08 22:38:53,2026-06-08 22:38:58,5.06,0,,0,0,10,0,0,0,0,0,0,0,0
2026-06-08 22:38:58,of:0000000000000004,34902901030466849,ADDED,org.onosproject.fwd,10,00:00:00:00:00:19,00:00:00:00:00:11,,,,,,,,2,4,0,0,6.0,628.04,10,0,0,2026-06-08 22:38:48,2026-06-08 22:38:58,10.13,0,,0,0,10,0,0,0,0,0,0,0,0
2026-06-08 22:38:58,of:0000000000000004,34902897560224802,ADDED,org.onosproject.fwd,10,00:00:00:00:00:18,00:00:00:00:00:12,,,,,,,,2,5,0,0,1.0,622.99,10,0,0,2026-06-08 22:38:48,2026-06-08 22:38:58,10.13,0,,0,0,10,0,0,0,0,0,0,0,0
2026-06-08 22:38:58,of:0000000000000004,34902900168551843,ADDED,org.onosproject.fwd,10,00:00:00:00:00:1E,00:00:00:00:00:11,,,,,,,,1,4,0,0,6.0,628.04,10,0,0,2026-06-08 22:38:53,2026-06-08 22:38:58,5.06,0,,0,0,10,0,0,0,0,0,0,0,0
2026-06-08 22:38:58,of:0000000000000004,34902899521370277,ADDED,org.onosproject.fwd,10,00:00:00:00:00:12,00:00:00:00:00:1B,,,,,,,,5,2,0,0,1.0,572.37,10,0,0,2026-06-08 22:38:58,2026-06-08 22:38:58,0.0,0,,0,0,9,0,0,0,0,0,0,0,0
2026-06-08 22:38:58,of:0000000000000004,34902899491628453,ADDED,org.onosproject.fwd,10,00:00:00:00:00:12,00:00:00:00:00:0D,,,,,,,,5,1,0,0,2.0,653.86,10,0,0,2026-06-08 22:38:58,2026-06-08 22:38:58,0.0,0,,0,0,9,0,0,0,0,0,0,0,0
2026-06-08 22:38:58,of:0000000000000004,34902900131531685,ADDED,org.onosproject.fwd,10,00:00:00:00:00:19,00:00:00:00:00:12,,,,,,,,2,5,0,0,1.0,622.99,10,0,0,2026-06-08 22:38:48,2026-06-08 22:38:58,10.13,0,,0,0,10,0,0,0,0,0,0,0,0
2026-06-08 22:38:58,of:0000000000000004,34902898840429989,ADDED,org.onosproject.fwd,10,00:00:00:00:00:0E,00:00:00:00:00:12,,,,,,,,1,5,0,0,2.0,648.8,10,0,0,2026-06-08 22:38:53,2026-06-08 22:38:58,5.06,0,,0,0,10,0,0,0,0,0,0,0,0
2026-06-08 22:38:58,of:0000000000000004,34902899452073126,ADDED,org.onosproject.fwd,10,00:00:00:00:00:12,00:00:00:00:00:1A,,,,,,,,5,2,0,0,1.0,622.99,10,0,0,2026-06-08 22:38:58,2026-06-08 22:38:58,0.0,0,,0,0,9,0,0,0,0,0,0,0,0
2026-06-08 22:38:58,of:0000000000000004,34902900793522471,ADDED,org.onosproject.fwd,10,00:00:00:00:00:11,00:00:00:00:00:08,,,,,,,,4,1,0,0,9.0,679.16,10,0,0,2026-06-08 22:38:58,2026-06-08 22:38:58,0.0,0,,0,0,10,0,0,0,0,0,0,0,0
2026-06-08 22:38:58,of:0000000000000004,34902899282522280,ADDED,org.onosproject.fwd,10,00:00:00:00:00:11,00:00:00:00:00:21,,,,,,,,4,1,0,0,5.0,628.04,10,0,0,2026-06-08 22:38:58,2026-06-08 22:38:58,0.0,0,,0,0,10,0,0,0,0,0,0,0,0
2026-06-08 22:38:58,of:0000000000000004,34902899370569897,ADDED,org.onosproject.fwd,10,00:00:00:00:00:11,00:00:00:00:00:1A,,,,,,,,4,2,0,0,6.0,628.04,10,0,0,2026-06-08 22:38:58,2026-06-08 22:38:58,0.0,0,,0,0,10,0,0,0,0,0,0,0,0
2026-06-08 22:38:58,of:0000000000000004,34902900527930153,ADDED,org.onosproject.fwd,10,00:00:00:00:00:17,00:00:00:00:00:11,,,,,,,,2,4,0,0,7.0,628.04,10,0,0,2026-06-08 22:38:48,2026-06-08 22:38:58,10.13,0,,0,0,10,0,0,0,0,0,0,0,0
2026-06-08 22:38:58,of:0000000000000004,34902899439362218,ADDED,org.onosproject.fwd,10,00:00:00:00:00:11,00:00:00:00:00:13,,,,,,,,4,6,0,0,7.0,628.04,10,0,0,2026-06-08 22:38:58,2026-06-08 22:38:58,0.0,0,,0,0,10,0,0,0,0,0,0,0,0
2026-06-08 22:38:58,of:0000000000000004,34902898550774827,ADDED,org.onosproject.fwd,10,00:00:00:00:00:04,00:00:00:00:00:12,,,,,,,,1,5,0,0,3.0,699.37,10,0,0,2026-06-08 22:38:53,2026-06-08 22:38:58,5.06,0,,0,0,10,0,0,0,0,0,0,0,0
2026-06-08 22:38:58,of:0000000000000004,34902900350929069,ADDED,org.onosproject.fwd,10,00:00:00:00:00:28,00:00:00:00:00:11,,,,,,,,1,4,0,0,4.0,622.99,10,0,0,2026-06-08 22:38:48,2026-06-08 22:38:58,10.13,0,,0,0,10,0,0,0,0,0,0,0,0
2026-06-08 22:38:58,of:0000000000000004,34902899426041773,ADDED,org.onosproject.fwd,10,00:00:00:00:00:1B,00:00:00:00:00:12,,,,,,,,2,5,0,0,0.0,572.37,10,0,0,2026-06-08 22:38:48,2026-06-08 22:38:58,10.13,0,,0,0,10,0,0,0,0,0,0,0,0
2026-06-08 22:38:58,of:0000000000000004,34902899048468530,ADDED,org.onosproject.fwd,10,00:00:00:00:00:11,00:00:00:00:00:1D,,,,,,,,4,1,0,0,6.0,628.04,10,0,0,2026-06-08 22:38:58,2026-06-08 22:38:58,0.0,0,,0,0,10,0,0,0,0,0,0,0,0
2026-06-08 22:38:58,of:0000000000000004,34902897460205619,ADDED,org.onosproject.fwd,10,00:00:00:00:00:12,00:00:00:00:00:03,,,,,,,,5,1,0,0,4.0,704.42,10,0,0,2026-06-08 22:38:58,2026-06-08 22:38:58,0.0,0,,0,0,9,0,0,0,0,0,0,0,0
2026-06-08 22:38:58,of:0000000000000004,34902897900137267,ADDED,org.onosproject.fwd,10,00:00:00:00:00:20,00:00:00:00:00:11,,,,,,,,1,4,0,0,5.0,628.04,10,0,0,2026-06-08 22:38:53,2026-06-08 22:38:58,5.06,0,,0,0,10,0,0,0,0,0,0,0,0
2026-06-08 22:38:58,of:0000000000000004,34902901193728692,ADDED,org.onosproject.fwd,10,00:00:00:00:00:06,00:00:00:00:00:12,,,,,,,,1,5,0,0,3.0,689.28,10,0,0,2026-06-08 22:38:53,2026-06-08 22:38:58,5.06,0,,0,0,10,0,0,0,0,0,0,0,0
2026-06-08 22:38:58,of:0000000000000004,34902898736103220,ADDED,org.onosproject.fwd,10,00:00:00:00:00:11,00:00:00:00:00:01,,,,,,,,4,1,0,0,9.0,714.54,10,0,0,2026-06-08 22:38:58,2026-06-08 22:38:58,0.0,0,,0,0,10,0,0,0,0,0,0,0,0
2026-06-08 22:38:58,of:0000000000000004,34902901232944566,ADDED,org.onosproject.fwd,10,00:00:00:00:00:1C,00:00:00:00:00:12,,,,,,,,1,5,0,0,0.0,572.37,9,0,0,2026-06-08 22:38:53,2026-06-08 22:38:58,5.06,0,,0,0,10,0,0,0,0,0,0,0,0
2026-06-08 22:38:58,of:0000000000000004,34902901052774199,ADDED,org.onosproject.fwd,10,00:00:00:00:00:12,00:00:00:00:00:08,,,,,,,,5,1,0,0,3.0,679.16,10,0,0,2026-06-08 22:38:58,2026-06-08 22:38:58,0.0,0,,0,0,9,0,0,0,0,0,0,0,0
2026-06-08 22:38:58,of:0000000000000004,34902900299982903,ADDED,org.onosproject.fwd,10,00:00:00:00:00:14,00:00:00:00:00:11,,,,,,,,7,4,0,0,7.0,628.04,10,0,0,2026-06-08 22:38:58,2026-06-08 22:38:58,0.0,0,,0,0,10,0,0,0,0,0,0,0,0
2026-06-08 22:38:58,of:0000000000000004,34902898297145913,ADDED,org.onosproject.fwd,10,00:00:00:00:00:11,00:00:00:00:00:04,,,,,,,,4,1,0,0,9.0,699.37,10,0,0,2026-06-08 22:38:58,2026-06-08 22:38:58,0.0,0,,0,0,10,0,0,0,0,0,0,0,0
2026-06-08 22:38:58,of:0000000000000004,34902901257942202,ADDED,org.onosproject.fwd,10,00:00:00:00:00:12,00:00:00:00:00:06,,,,,,,,5,1,0,0,3.0,689.28,10,0,0,2026-06-08 22:38:58,2026-06-08 22:38:58,0.0,0,,0,0,10,0,0,0,0,0,0,0,0
2026-06-08 22:38:58,of:0000000000000004,34902900509877562,ADDED,org.onosproject.fwd,10,00:00:00:00:00:12,00:00:00:00:00:13,,,,,,,,5,6,0,0,2.0,622.99,10,0,0,2026-06-08 22:38:58,2026-06-08 22:38:58,0.0,0,,0,0,10,0,0,0,0,0,0,0,0
2026-06-08 22:38:58,of:0000000000000004,34902900079385659,ADDED,org.onosproject.fwd,10,00:00:00:00:00:12,00:00:00:00:00:0C,,,,,,,,5,1,0,0,2.0,658.91,10,0,0,2026-06-08 22:38:58,2026-06-08 22:38:58,0.0,0,,0,0,10,0,0,0,0,0,0,0,0
2026-06-08 22:38:58,of:0000000000000004,34902900610262075,ADDED,org.onosproject.fwd,10,00:00:00:00:00:12,00:00:00:00:00:11,,,,,,,,5,4,1,98,7.0,628.04,10,0,0,2026-06-08 22:38:58,2026-06-08 22:38:58,0.0,0,,0,0,10,0,0,0,0,0,0,0,0
2026-06-08 22:38:58,of:0000000000000004,34902899789564604,ADDED,org.onosproject.fwd,10,00:00:00:00:00:09,00:00:00:00:00:12,,,,,,,,1,5,0,0,2.0,674.1,10,0,0,2026-06-08 22:38:53,2026-06-08 22:38:58,5.06,0,,0,0,10,0,0,0,0,0,0,0,0
2026-06-08 22:38:58,of:0000000000000004,34902900183644349,ADDED,org.onosproject.fwd,10,00:00:00:00:00:11,00:00:00:00:00:18,,,,,,,,4,2,0,0,7.0,628.04,10,0,0,2026-06-08 22:38:58,2026-06-08 22:38:58,0.0,0,,0,0,10,0,0,0,0,0,0,0,0
2026-06-08 22:38:58,of:0000000000000004,34902900491198653,ADDED,org.onosproject.fwd,10,00:00:00:00:00:12,00:00:00:00:00:02,,,,,,,,5,1,0,0,4.0,714.54,10,0,0,2026-06-08 22:38:58,2026-06-08 22:38:58,0.0,0,,0,0,10,0,0,0,0,0,0,0,0
2026-06-08 22:38:58,of:0000000000000004,34902899354152637,ADDED,org.onosproject.fwd,10,00:00:00:00:00:0D,00:00:00:00:00:12,,,,,,,,1,5,0,0,2.0,653.86,10,0,0,2026-06-08 22:38:53,2026-06-08 22:38:58,5.06,0,,0,0,10,0,0,0,0,0,0,0,0
2026-06-08 22:38:58,of:0000000000000004,34902899669589310,ADDED,org.onosproject.fwd,10,00:00:00:00:00:11,00:00:00:00:00:27,,,,,,,,4,1,0,0,4.0,628.04,10,0,0,2026-06-08 22:38:58,2026-06-08 22:38:58,0.0,0,,0,0,10,0,0,0,0,0,0,0,0
2026-06-08 22:38:58,of:0000000000000004,34902898979601214,ADDED,org.onosproject.fwd,10,00:00:00:00:00:07,00:00:00:00:00:12,,,,,,,,1,5,0,0,3.0,684.21,10,0,0,2026-06-08 22:38:53,2026-06-08 22:38:58,5.06,0,,0,0,10,0,0,0,0,0,0,0,0
2026-06-08 22:38:58,of:0000000000000004,34902901098975424,ADDED,org.onosproject.fwd,10,00:00:00:00:00:02,00:00:00:00:00:12,,,,,,,,1,5,0,0,4.0,714.54,10,0,0,2026-06-08 22:38:53,2026-06-08 22:38:58,5.06,0,,0,0,10,0,0,0,0,0,0,0,0
2026-06-08 22:38:58,of:0000000000000004,34902900653068480,ADDED,org.onosproject.fwd,10,00:00:00:00:00:11,00:00:00:00:00:0E,,,,,,,,4,1,0,0,7.0,648.8,10,0,0,2026-06-08 22:38:58,2026-06-08 22:38:58,0.0,0,,0,0,10,0,0,0,0,0,0,0,0
2026-06-08 22:38:58,of:0000000000000004,34902898896470592,ADDED,org.onosproject.fwd,10,00:00:00:00:00:0F,00:00:00:00:00:11,,,,,,,,1,4,1,98,18.0,643.71,10,0,0,2026-06-08 22:38:53,2026-06-08 22:38:58,5.06,0,,0,0,5,0,0,0,0,0,0,0,0
2026-06-08 22:38:58,of:0000000000000004,34902898211624641,ADDED,org.onosproject.fwd,10,00:00:00:00:00:1A,00:00:00:00:00:12,,,,,,,,2,5,0,0,1.0,333.37,6,0,0,2026-06-08 22:38:48,2026-06-08 22:38:58,10.13,0,,0,0,10,0,0,0,0,0,0,0,0
2026-06-08 22:38:58,of:0000000000000004,34902899441297602,ADDED,org.onosproject.fwd,10,00:00:00:00:00:25,00:00:00:00:00:11,,,,,,,,1,4,0,0,5.0,628.04,10,0,0,2026-06-08 22:38:48,2026-06-08 22:38:58,10.13,0,,0,0,10,0,0,0,0,0,0,0,0
2026-06-08 22:38:58,of:0000000000000004,34902898513322690,ADDED,org.onosproject.fwd,10,00:00:00:00:00:12,00:00:00:00:00:1C,,,,,,,,5,1,0,0,0.0,572.37,9,0,0,2026-06-08 22:38:58,2026-06-08 22:38:58,0.0,0,,0,0,10,0,0,0,0,0,0,0,0
2026-06-08 22:38:58,of:0000000000000004,34902898953923778,ADDED,org.onosproject.fwd,10,00:00:00:00:00:1F,00:00:00:00:00:11,,,,,,,,1,4,0,0,6.0,628.04,10,0,0,2026-06-08 22:38:53,2026-06-08 22:38:58,5.06,0,,0,0,10,0,0,0,0,0,0,0,0
2026-06-08 22:38:58,of:0000000000000004,34902897856476226,ADDED,org.onosproject.fwd,10,00:00:00:00:00:0E,00:00:00:00:00:11,,,,,,,,1,4,0,0,7.0,648.8,10,0,0,2026-06-08 22:38:53,2026-06-08 22:38:58,5.06,0,,0,0,10,0,0,0,0,0,0,0,0
2026-06-08 22:38:58,of:0000000000000004,34902897219937220,ADDED,org.onosproject.fwd,10,00:00:00:00:00:0F,00:00:00:00:00:12,,,,,,,,1,5,0,0,2.0,643.71,10,0,0,2026-06-08 22:38:53,2026-06-08 22:38:58,5.06,0,,0,0,6,0,0,0,0,0,0,0,0
2026-06-08 22:38:58,of:0000000000000004,34902898630423621,ADDED,org.onosproject.fwd,10,00:00:00:00:00:11,00:00:00:00:00:12,,,,,,,,4,5,1,98,7.0,628.04,10,0,0,2026-06-08 22:38:58,2026-06-08 22:38:58,0.0,0,,0,0,10,0,0,0,0,0,0,0,0
2026-06-08 22:38:58,of:0000000000000004,34902901399979590,ADDED,org.onosproject.fwd,10,00:00:00:00:00:11,00:00:00:00:00:09,,,,,,,,4,1,0,0,8.0,674.1,10,0,0,2026-06-08 22:38:58,2026-06-08 22:38:58,0.0,0,,0,0,10,0,0,0,0,0,0,0,0
2026-06-08 22:38:58,of:0000000000000004,34902899063812039,ADDED,org.onosproject.fwd,10,00:00:00:00:00:12,00:00:00:00:00:05,,,,,,,,5,1,0,0,3.0,694.32,10,0,0,2026-06-08 22:38:58,2026-06-08 22:38:58,0.0,0,,0,0,10,0,0,0,0,0,0,0,0
2026-06-08 22:38:58,of:0000000000000004,34902899195191881,ADDED,org.onosproject.fwd,10,00:00:00:00:00:10,00:00:00:00:00:11,,,,,,,,3,4,1,98,12.0,633.13,10,0,0,2026-06-08 22:38:43,2026-06-08 22:38:58,15.3,0,,0,0,0,0,0,0,0,0,0,0,0
2026-06-08 22:38:58,of:0000000000000004,34902897573843273,ADDED,org.onosproject.fwd,10,00:00:00:00:00:11,00:00:00:00:00:10,,,,,,,,4,3,1,98,12.0,633.13,10,0,0,2026-06-08 22:38:58,2026-06-08 22:38:58,0.0,0,,0,0,9,0,0,0,0,0,0,0,0
2026-06-08 22:38:58,of:0000000000000004,34902897760402894,ADDED,org.onosproject.fwd,10,00:00:00:00:00:12,00:00:00:00:00:09,,,,,,,,5,1,0,0,3.0,674.1,10,0,0,2026-06-08 22:38:58,2026-06-08 22:38:58,0.0,0,,0,0,10,0,0,0,0,0,0,0,0
2026-06-08 22:38:58,of:0000000000000004,34902897930530766,ADDED,org.onosproject.fwd,10,00:00:00:00:00:15,00:00:00:00:00:12,,,,,,,,8,5,0,0,1.0,622.99,10,0,0,2026-06-08 22:38:48,2026-06-08 22:38:58,10.13,0,,0,0,10,0,0,0,0,0,0,0,0
2026-06-08 22:38:58,of:0000000000000004,34902898919030223,ADDED,org.onosproject.fwd,10,00:00:00:00:00:0A,00:00:00:00:00:11,,,,,,,,1,4,0,0,8.0,669.04,10,0,0,2026-06-08 22:38:53,2026-06-08 22:38:58,5.06,0,,0,0,10,0,0,0,0,0,0,0,0
2026-06-08 22:38:58,of:0000000000000004,34902897959641552,ADDED,org.onosproject.fwd,10,00:00:00:00:00:21,00:00:00:00:00:11,,,,,,,,1,4,0,0,5.0,628.04,10,0,0,2026-06-08 22:38:53,2026-06-08 22:38:58,5.06,0,,0,0,10,0,0,0,0,0,0,0,0
2026-06-08 22:38:58,of:0000000000000004,34902900959140436,ADDED,org.onosproject.fwd,10,00:00:00:00:00:12,00:00:00:00:00:1E,,,,,,,,5,1,0,0,0.0,552.11,7,0,0,2026-06-08 22:38:58,2026-06-08 22:38:58,0.0,0,,0,0,10,0,0,0,0,0,0,0,0
2026-06-08 22:38:58,of:0000000000000004,34902899799574613,ADDED,org.onosproject.fwd,10,00:00:00:00:00:12,00:00:00:00:00:17,,,,,,,,5,2,0,0,1.0,622.99,10,0,0,2026-06-08 22:38:58,2026-06-08 22:38:58,0.0,0,,0,0,10,0,0,0,0,0,0,0,0
2026-06-08 22:38:58,of:0000000000000004,34902900055308758,ADDED,org.onosproject.fwd,10,00:00:00:00:00:18,00:00:00:00:00:11,,,,,,,,2,4,0,0,7.0,628.04,10,0,0,2026-06-08 22:38:48,2026-06-08 22:38:58,10.13,0,,0,0,10,0,0,0,0,0,0,0,0
2026-06-08 22:38:58,of:0000000000000004,34902900567109848,ADDED,org.onosproject.fwd,10,00:00:00:00:00:01,00:00:00:00:00:11,,,,,,,,1,4,0,0,9.0,714.54,10,0,0,2026-06-08 22:38:48,2026-06-08 22:38:58,10.13,0,,0,0,10,0,0,0,0,0,0,0,0
2026-06-08 22:38:58,of:0000000000000004,34902898484655325,ADDED,org.onosproject.fwd,10,00:00:00:00:00:11,00:00:00:00:00:07,,,,,,,,4,1,0,0,9.0,684.21,10,0,0,2026-06-08 22:38:58,2026-06-08 22:38:58,0.0,0,,0,0,9,0,0,0,0,0,0,0,0
2026-06-08 22:38:58,of:0000000000000004,34902899572959453,ADDED,org.onosproject.fwd,10,00:00:00:00:00:10,00:00:00:00:00:12,,,,,,,,3,5,1,98,12.0,633.13,10,0,0,2026-06-08 22:38:43,2026-06-08 22:38:58,15.3,0,,0,0,0,0,0,0,0,0,0,0,0
2026-06-08 22:38:58,of:0000000000000004,34902900993098845,ADDED,org.onosproject.fwd,10,00:00:00:00:00:15,00:00:00:00:00:11,,,,,,,,8,4,0,0,7.0,628.04,10,0,0,2026-06-08 22:38:53,2026-06-08 22:38:58,5.06,0,,0,0,10,0,0,0,0,0,0,0,0
2026-06-08 22:38:58,of:0000000000000004,34902901022820703,ADDED,org.onosproject.fwd,10,00:00:00:00:00:12,00:00:00:00:00:0E,,,,,,,,5,1,0,0,2.0,648.8,10,0,0,2026-06-08 22:38:58,2026-06-08 22:38:58,0.0,0,,0,0,10,0,0,0,0,0,0,0,0
2026-06-08 22:38:58,of:0000000000000004,34902899038154592,ADDED,org.onosproject.fwd,10,00:00:00:00:00:05,00:00:00:00:00:11,,,,,,,,1,4,0,0,9.0,694.32,10,0,0,2026-06-08 22:38:53,2026-06-08 22:38:58,5.06,0,,0,0,10,0,0,0,0,0,0,0,0
2026-06-08 22:38:58,of:0000000000000004,34902897304068960,ADDED,org.onosproject.fwd,10,00:00:00:00:00:1A,00:00:00:00:00:11,,,,,,,,2,4,0,0,6.0,628.04,10,0,0,2026-06-08 22:38:48,2026-06-08 22:38:58,10.13,0,,0,0,10,0,0,0,0,0,0,0,0
2026-06-08 22:38:58,of:0000000000000004,34902897828174688,ADDED,org.onosproject.fwd,10,00:00:00:00:00:11,00:00:00:00:00:20,,,,,,,,4,1,0,0,6.0,628.04,10,0,0,2026-06-08 22:38:58,2026-06-08 22:38:58,0.0,0,,0,0,9,0,0,0,0,0,0,0,0
2026-06-08 22:38:58,of:0000000000000004,34902899915085153,ADDED,org.onosproject.fwd,10,00:00:00:00:00:09,00:00:00:00:00:11,,,,,,,,1,4,0,0,8.0,674.1,10,0,0,2026-06-08 22:38:53,2026-06-08 22:38:58,5.06,0,,0,0,10,0,0,0,0,0,0,0,0
2026-06-08 22:38:58,of:0000000000000004,34902898221507554,ADDED,org.onosproject.fwd,10,00:00:00:00:00:1D,00:00:00:00:00:11,,,,,,,,1,4,0,0,6.0,628.04,10,0,0,2026-06-08 22:38:53,2026-06-08 22:38:58,5.06,0,,0,0,10,0,0,0,0,0,0,0,0
2026-06-08 22:38:58,of:0000000000000004,34902901162822243,ADDED,org.onosproject.fwd,10,00:00:00:00:00:12,00:00:00:00:00:04,,,,,,,,5,1,0,0,3.0,699.37,10,0,0,2026-06-08 22:38:58,2026-06-08 22:38:58,0.0,0,,0,0,10,0,0,0,0,0,0,0,0
2026-06-08 22:38:58,of:0000000000000004,34902898961817445,ADDED,org.onosproject.fwd,10,00:00:00:00:00:11,00:00:00:00:00:02,,,,,,,,4,1,0,0,9.0,714.54,10,0,0,2026-06-08 22:38:58,2026-06-08 22:38:58,0.0,0,,0,0,9,0,0,0,0,0,0,0,0
2026-06-08 22:38:58,of:0000000000000004,34902897491050214,ADDED,org.onosproject.fwd,10,00:00:00:00:00:11,00:00:00:00:00:17,,,,,,,,4,2,0,0,7.0,628.04,10,0,0,2026-06-08 22:38:58,2026-06-08 22:38:58,0.0,0,,0,0,9,0,0,0,0,0,0,0,0
2026-06-08 22:38:58,of:0000000000000004,34902899960313191,ADDED,org.onosproject.fwd,10,00:00:00:00:00:12,00:00:00:00:00:0B,,,,,,,,5,1,0,0,2.0,663.96,10,0,0,2026-06-08 22:38:58,2026-06-08 22:38:58,0.0,0,,0,0,10,0,0,0,0,0,0,0,0
2026-06-08 22:38:58,of:0000000000000004,34902900995862248,ADDED,org.onosproject.fwd,10,00:00:00:00:00:0A,00:00:00:00:00:12,,,,,,,,1,5,0,0,2.0,669.04,10,0,0,2026-06-08 22:38:53,2026-06-08 22:38:58,5.06,0,,0,0,10,0,0,0,0,0,0,0,0
2026-06-08 22:38:58,of:0000000000000004,34902900038807019,ADDED,org.onosproject.fwd,10,00:00:00:00:00:11,00:00:00:00:00:1C,,,,,,,,4,1,0,0,6.0,628.04,10,0,0,2026-06-08 22:38:58,2026-06-08 22:38:58,0.0,0,,0,0,9,0,0,0,0,0,0,0,0
2026-06-08 22:38:58,of:0000000000000004,34902897209098604,ADDED,org.onosproject.fwd,10,00:00:00:00:00:0D,00:00:00:00:00:11,,,,,,,,1,4,0,0,8.0,653.86,10,0,0,2026-06-08 22:38:53,2026-06-08 22:38:58,5.06,0,,0,0,10,0,0,0,0,0,0,0,0
2026-06-08 22:38:58,of:0000000000000004,34902899174404973,ADDED,org.onosproject.fwd,10,00:00:00:00:00:14,00:00:00:00:00:12,,,,,,,,7,5,0,0,1.0,622.99,10,0,0,2026-06-08 22:38:58,2026-06-08 22:38:58,0.0,0,,0,0,10,0,0,0,0,0,0,0,0
2026-06-08 22:38:58,of:0000000000000004,34902897519178477,ADDED,org.onosproject.fwd,10,00:00:00:00:00:13,00:00:00:00:00:11,,,,,,,,6,4,0,0,7.0,628.04,10,0,0,2026-06-08 22:38:58,2026-06-08 22:38:58,0.0,0,,0,0,10,0,0,0,0,0,0,0,0
2026-06-08 22:38:58,of:0000000000000004,34902900825165806,ADDED,org.onosproject.fwd,10,00:00:00:00:00:1D,00:00:00:00:00:12,,,,,,,,1,5,0,0,0.0,318.15,5,0,0,2026-06-08 22:38:53,2026-06-08 22:38:58,5.06,0,,0,0,10,0,0,0,0,0,0,0,0
2026-06-08 22:38:58,of:0000000000000004,34902900954053615,ADDED,org.onosproject.fwd,10,00:00:00:00:00:11,00:00:00:00:00:05,,,,,,,,4,1,0,0,9.0,694.32,10,0,0,2026-06-08 22:38:58,2026-06-08 22:38:58,0.0,0,,0,0,9,0,0,0,0,0,0,0,0
2026-06-08 22:38:58,of:0000000000000004,34902897744494447,ADDED,org.onosproject.fwd,10,00:00:00:00:00:08,00:00:00:00:00:11,,,,,,,,1,4,0,0,8.0,679.16,10,0,0,2026-06-08 22:38:53,2026-06-08 22:38:58,5.06,0,,0,0,10,0,0,0,0,0,0,0,0
2026-06-08 22:38:58,of:0000000000000004,34902897647369583,ADDED,org.onosproject.fwd,10,00:00:00:00:00:11,00:00:00:00:00:0B,,,,,,,,4,1,0,0,8.0,663.96,10,0,0,2026-06-08 22:38:58,2026-06-08 22:38:58,0.0,0,,0,0,9,0,0,0,0,0,0,0,0
2026-06-08 22:38:58,of:0000000000000004,34902898329854063,ADDED,org.onosproject.fwd,10,00:00:00:00:00:12,00:00:00:00:00:1F,,,,,,,,5,1,0,0,0.0,552.11,8,0,0,2026-06-08 22:38:58,2026-06-08 22:38:58,0.0,0,,0,0,10,0,0,0,0,0,0,0,0
2026-06-08 22:38:58,of:0000000000000004,34902900950962545,ADDED,org.onosproject.fwd,10,00:00:00:00:00:02,00:00:00:00:00:11,,,,,,,,1,4,0,0,9.0,714.54,10,0,0,2026-06-08 22:38:53,2026-06-08 22:38:58,5.06,0,,0,0,10,0,0,0,0,0,0,0,0
2026-06-08 22:38:58,of:0000000000000004,34902898463804786,ADDED,org.onosproject.fwd,10,00:00:00:00:00:11,00:00:00:00:00:26,,,,,,,,4,1,0,0,5.0,628.04,10,0,0,2026-06-08 22:38:58,2026-06-08 22:38:58,0.0,0,,0,0,9,0,0,0,0,0,0,0,0
2026-06-08 22:38:58,of:0000000000000004,34902898664781554,ADDED,org.onosproject.fwd,10,00:00:00:00:00:12,00:00:00:00:00:19,,,,,,,,5,2,0,0,1.0,622.99,10,0,0,2026-06-08 22:38:58,2026-06-08 22:38:58,0.0,0,,0,0,10,0,0,0,0,0,0,0,0
2026-06-08 22:38:58,of:0000000000000004,34902901155963506,ADDED,org.onosproject.fwd,10,00:00:00:00:00:16,00:00:00:00:00:12,,,,,,,,2,5,0,0,1.0,622.99,10,0,0,2026-06-08 22:38:48,2026-06-08 22:38:58,10.13,0,,0,0,10,0,0,0,0,0,0,0,0
2026-06-08 22:38:58,of:0000000000000004,34902897516732659,ADDED,org.onosproject.fwd,10,00:00:00:00:00:11,00:00:00:00:00:03,,,,,,,,4,1,0,0,9.0,704.42,10,0,0,2026-06-08 22:38:58,2026-06-08 22:38:58,0.0,0,,0,0,9,0,0,0,0,0,0,0,0
2026-06-08 22:38:58,of:0000000000000004,34902897913713398,ADDED,org.onosproject.fwd,10,00:00:00:00:00:04,00:00:00:00:00:11,,,,,,,,1,4,0,0,9.0,699.37,10,0,0,2026-06-08 22:38:53,2026-06-08 22:38:58,5.06,0,,0,0,10,0,0,0,0,0,0,0,0
2026-06-08 22:38:58,of:0000000000000004,34902899864047607,ADDED,org.onosproject.fwd,10,00:00:00:00:00:12,00:00:00:00:00:15,,,,,,,,5,8,0,0,1.0,622.99,10,0,0,2026-06-08 22:38:58,2026-06-08 22:38:58,0.0,0,,0,0,10,0,0,0,0,0,0,0,0
2026-06-08 22:38:58,of:0000000000000004,34902901159500023,ADDED,org.onosproject.fwd,10,00:00:00:00:00:0B,00:00:00:00:00:12,,,,,,,,1,5,0,0,2.0,663.96,10,0,0,2026-06-08 22:38:53,2026-06-08 22:38:58,5.06,0,,0,0,10,0,0,0,0,0,0,0,0
2026-06-08 22:38:58,of:0000000000000004,34902897180167288,ADDED,org.onosproject.fwd,10,00:00:00:00:00:03,00:00:00:00:00:11,,,,,,,,1,4,0,0,9.0,704.42,10,0,0,2026-06-08 22:38:53,2026-06-08 22:38:58,5.06,0,,0,0,10,0,0,0,0,0,0,0,0
2026-06-08 22:38:58,of:0000000000000004,34902900962950904,ADDED,org.onosproject.fwd,10,00:00:00:00:00:07,00:00:00:00:00:11,,,,,,,,1,4,0,0,9.0,684.21,10,0,0,2026-06-08 22:38:53,2026-06-08 22:38:58,5.06,0,,0,0,10,0,0,0,0,0,0,0,0
2026-06-08 22:38:58,of:0000000000000004,34902901068320761,ADDED,org.onosproject.fwd,10,00:00:00:00:00:27,00:00:00:00:00:11,,,,,,,,1,4,0,0,4.0,628.04,10,0,0,2026-06-08 22:38:48,2026-06-08 22:38:58,10.13,0,,0,0,10,0,0,0,0,0,0,0,0
2026-06-08 22:38:58,of:0000000000000004,34902899510230266,ADDED,org.onosproject.fwd,10,00:00:00:00:00:12,00:00:00:00:00:07,,,,,,,,5,1,0,0,3.0,684.21,10,0,0,2026-06-08 22:38:58,2026-06-08 22:38:58,0.0,0,,0,0,10,0,0,0,0,0,0,0,0
2026-06-08 22:38:58,of:0000000000000004,34902898211605499,ADDED,org.onosproject.fwd,10,00:00:00:00:00:12,00:00:00:00:00:14,,,,,,,,5,7,0,0,1.0,622.99,10,0,0,2026-06-08 22:38:58,2026-06-08 22:38:58,0.0,0,,0,0,10,0,0,0,0,0,0,0,0
2026-06-08 22:38:58,of:0000000000000004,34902900642717563,ADDED,org.onosproject.fwd,10,00:00:00:00:00:11,00:00:00:00:00:1B,,,,,,,,4,2,0,0,6.0,628.04,10,0,0,2026-06-08 22:38:58,2026-06-08 22:38:58,0.0,0,,0,0,10,0,0,0,0,0,0,0,0
2026-06-08 22:38:58,of:0000000000000004,34902901333772796,ADDED,org.onosproject.fwd,10,00:00:00:00:00:05,00:00:00:00:00:12,,,,,,,,1,5,0,0,3.0,694.32,10,0,0,2026-06-08 22:38:53,2026-06-08 22:38:58,5.06,0,,0,0,10,0,0,0,0,0,0,0,0
2026-06-08 22:38:58,of:0000000000000004,34902900874487677,ADDED,org.onosproject.fwd,10,00:00:00:00:00:11,00:00:00:00:00:0A,,,,,,,,4,1,0,0,8.0,669.04,10,0,0,2026-06-08 22:38:58,2026-06-08 22:38:58,0.0,0,,0,0,10,0,0,0,0,0,0,0,0
2026-06-08 22:38:58,of:0000000000000004,34902897271388287,ADDED,org.onosproject.fwd,10,00:00:00:00:00:0B,00:00:00:00:00:11,,,,,,,,1,4,0,0,8.0,663.96,10,0,0,2026-06-08 22:38:53,2026-06-08 22:38:58,5.06,0,,0,0,10,0,0,0,0,0,0,0,0
2026-06-08 22:38:58,of:0000000000000004,34902899758183551,ADDED,org.onosproject.fwd,10,00:00:00:00:00:12,00:00:00:00:00:1D,,,,,,,,5,1,0,0,0.0,318.15,5,0,0,2026-06-08 22:38:58,2026-06-08 22:38:58,0.0,0,,0,0,10,0,0,0,0,0,0,0,0
2026-06-08 22:38:58,of:0000000000000001,34902900363259295,ADDED,org.onosproject.fwd,10,00:00:00:00:00:01,00:00:00:00:00:15,,,,,,,,4,2,0,0,3.0,714.54,10,0,0,2026-06-08 22:38:48,2026-06-08 22:38:58,10.13,0,,0,0,10,0,0,0,0,0,0,0,0
2026-06-08 22:38:58,of:0000000000000001,34902900031289430,ADDED,org.onosproject.fwd,10,00:00:00:00:00:15,00:00:00:00:00:01,,,,,,,,2,4,0,0,3.0,714.54,10,0,0,2026-06-08 22:38:53,2026-06-08 22:38:58,5.06,0,,0,0,10,0,0,0,0,0,0,0,0
2026-06-08 22:38:58,of:0000000000000001,34902897567426409,ADDED,org.onosproject.fwd,10,00:00:00:00:00:01,00:00:00:00:00:14,,,,,,,,4,2,0,0,9.0,714.54,10,0,0,2026-06-08 22:38:48,2026-06-08 22:38:58,10.13,0,,0,0,10,0,0,0,0,0,0,0,0
2026-06-08 22:38:58,of:0000000000000001,34902897396799994,ADDED,org.onosproject.fwd,10,00:00:00:00:00:14,00:00:00:00:00:01,,,,,,,,2,4,0,0,9.0,714.54,10,0,0,2026-06-08 22:38:58,2026-06-08 22:38:58,0.0,0,,0,0,10,0,0,0,0,0,0,0,0
2026-06-08 22:38:58,of:0000000000000002,34902897621773064,ADDED,org.onosproject.fwd,10,00:00:00:00:00:15,00:00:00:00:00:02,,,,,,,,1,3,0,0,1.0,709.47,10,0,0,2026-06-08 22:38:58,2026-06-08 22:38:58,0.0,0,,0,0,10,0,0,0,0,0,0,0,0
2026-06-08 22:38:58,of:0000000000000002,34902899567437192,ADDED,org.onosproject.fwd,10,00:00:00:00:00:03,00:00:00:00:00:14,,,,,,,,4,1,0,0,7.0,704.42,10,0,0,2026-06-08 22:38:53,2026-06-08 22:38:58,5.06,0,,0,0,10,0,0,0,0,0,0,0,0
2026-06-08 22:38:58,of:0000000000000002,34902897881288082,ADDED,org.onosproject.fwd,10,00:00:00:00:00:02,00:00:00:00:00:14,,,,,,,,3,1,0,0,7.0,714.54,10,0,0,2026-06-08 22:38:53,2026-06-08 22:38:58,5.06,0,,0,0,10,0,0,0,0,0,0,0,0
2026-06-08 22:38:58,of:0000000000000002,34902900048986259,ADDED,org.onosproject.fwd,10,00:00:00:00:00:14,00:00:00:00:00:06,,,,,,,,1,7,0,0,6.0,684.21,10,0,0,2026-06-08 22:38:58,2026-06-08 22:38:58,0.0,0,,0,0,10,0,0,0,0,0,0,0,0
2026-06-08 22:38:58,of:0000000000000002,34902901329381661,ADDED,org.onosproject.fwd,10,00:00:00:00:00:14,00:00:00:00:00:03,,,,,,,,1,4,0,0,7.0,704.42,10,0,0,2026-06-08 22:38:58,2026-06-08 22:38:58,0.0,0,,0,0,10,0,0,0,0,0,0,0,0
2026-06-08 22:38:58,of:0000000000000002,34902897692471460,ADDED,org.onosproject.fwd,10,00:00:00:00:00:06,00:00:00:00:00:14,,,,,,,,7,1,0,0,6.0,684.21,10,0,0,2026-06-08 22:38:53,2026-06-08 22:38:58,5.06,0,,0,0,10,0,0,0,0,0,0,0,0
2026-06-08 22:38:58,of:0000000000000002,34902897390703019,ADDED,org.onosproject.fwd,10,00:00:00:00:00:05,00:00:00:00:00:14,,,,,,,,6,1,0,0,7.0,612.85,6,0,0,2026-06-08 22:38:53,2026-06-08 22:38:58,5.06,0,,0,0,10,0,0,0,0,0,0,0,0
2026-06-08 22:38:58,of:0000000000000002,34902898718606635,ADDED,org.onosproject.fwd,10,00:00:00:00:00:08,00:00:00:00:00:14,,,,,,,,9,1,0,0,6.0,612.85,10,0,0,2026-06-08 22:38:53,2026-06-08 22:38:58,5.06,0,,0,0,10,0,0,0,0,0,0,0,0
2026-06-08 22:38:58,of:0000000000000002,34902898283832878,ADDED,org.onosproject.fwd,10,00:00:00:00:00:15,00:00:00:00:00:04,,,,,,,,1,5,0,0,0.0,699.37,10,0,0,2026-06-08 22:38:58,2026-06-08 22:38:58,0.0,0,,0,0,10,0,0,0,0,0,0,0,0
2026-06-08 22:38:58,of:0000000000000002,34902899023403182,ADDED,org.onosproject.fwd,10,00:00:00:00:00:15,00:00:00:00:00:07,,,,,,,,1,8,0,0,0.0,684.21,10,0,0,2026-06-08 22:38:58,2026-06-08 22:38:58,0.0,0,,0,0,10,0,0,0,0,0,0,0,0
2026-06-08 22:38:58,of:0000000000000002,34902897389377461,ADDED,org.onosproject.fwd,10,00:00:00:00:00:15,00:00:00:00:00:05,,,,,,,,1,6,0,0,0.0,607.79,5,0,0,2026-06-08 22:38:58,2026-06-08 22:38:58,0.0,0,,0,0,10,0,0,0,0,0,0,0,0
2026-06-08 22:38:58,of:0000000000000002,34902899284292151,ADDED,org.onosproject.fwd,10,00:00:00:00:00:05,00:00:00:00:00:15,,,,,,,,6,1,0,0,0.0,607.79,5,0,0,2026-06-08 22:38:53,2026-06-08 22:38:58,5.06,0,,0,0,10,0,0,0,0,0,0,0,0
2026-06-08 22:38:58,of:0000000000000002,34902899445452096,ADDED,org.onosproject.fwd,10,00:00:00:00:00:04,00:00:00:00:00:14,,,,,,,,5,1,0,0,7.0,699.37,10,0,0,2026-06-08 22:38:53,2026-06-08 22:38:58,5.06,0,,0,0,10,0,0,0,0,0,0,0,0
2026-06-08 22:38:58,of:0000000000000002,34902899391276614,ADDED,org.onosproject.fwd,10,00:00:00:00:00:03,00:00:00:00:00:15,,,,,,,,4,1,0,0,0.0,704.42,10,0,0,2026-06-08 22:38:53,2026-06-08 22:38:58,5.06,0,,0,0,10,0,0,0,0,0,0,0,0
2026-06-08 22:38:58,of:0000000000000002,34902900120265416,ADDED,org.onosproject.fwd,10,00:00:00:00:00:02,00:00:00:00:00:15,,,,,,,,3,1,0,0,1.0,714.54,10,0,0,2026-06-08 22:38:53,2026-06-08 22:38:58,5.06,0,,0,0,10,0,0,0,0,0,0,0,0
2026-06-08 22:38:58,of:0000000000000002,34902900781326664,ADDED,org.onosproject.fwd,10,00:00:00:00:00:15,00:00:00:00:00:06,,,,,,,,1,7,0,0,0.0,684.21,9,0,0,2026-06-08 22:38:58,2026-06-08 22:38:58,0.0,0,,0,0,10,0,0,0,0,0,0,0,0
2026-06-08 22:38:58,of:0000000000000002,34902900654816973,ADDED,org.onosproject.fwd,10,00:00:00:00:00:14,00:00:00:00:00:07,,,,,,,,1,8,0,0,6.0,684.21,10,0,0,2026-06-08 22:38:58,2026-06-08 22:38:58,0.0,0,,0,0,10,0,0,0,0,0,0,0,0
2026-06-08 22:38:58,of:0000000000000002,34902901215657811,ADDED,org.onosproject.fwd,10,00:00:00:00:00:14,00:00:00:00:00:05,,,,,,,,1,6,0,0,7.0,612.85,6,0,0,2026-06-08 22:38:58,2026-06-08 22:38:58,0.0,0,,0,0,10,0,0,0,0,0,0,0,0
2026-06-08 22:38:58,of:0000000000000002,34902898055147864,ADDED,org.onosproject.fwd,10,00:00:00:00:00:15,00:00:00:00:00:03,,,,,,,,1,4,0,0,0.0,704.42,10,0,0,2026-06-08 22:38:58,2026-06-08 22:38:58,0.0,0,,0,0,10,0,0,0,0,0,0,0,0
2026-06-08 22:38:58,of:0000000000000002,34902898593935833,ADDED,org.onosproject.fwd,10,00:00:00:00:00:14,00:00:00:00:00:08,,,,,,,,1,9,0,0,6.0,612.85,10,0,0,2026-06-08 22:38:58,2026-06-08 22:38:58,0.0,0,,0,0,10,0,0,0,0,0,0,0,0
2026-06-08 22:38:58,of:0000000000000002,34902899114997222,ADDED,org.onosproject.fwd,10,00:00:00:00:00:06,00:00:00:00:00:15,,,,,,,,7,1,0,0,0.0,684.21,9,0,0,2026-06-08 22:38:53,2026-06-08 22:38:58,5.06,0,,0,0,10,0,0,0,0,0,0,0,0
2026-06-08 22:38:58,of:0000000000000002,34902898922397287,ADDED,org.onosproject.fwd,10,00:00:00:00:00:04,00:00:00:00:00:15,,,,,,,,5,1,0,0,0.0,699.37,10,0,0,2026-06-08 22:38:53,2026-06-08 22:38:58,5.06,0,,0,0,10,0,0,0,0,0,0,0,0
2026-06-08 22:38:58,of:0000000000000002,34902897723633128,ADDED,org.onosproject.fwd,10,00:00:00:00:00:14,00:00:00:00:00:04,,,,,,,,1,5,0,0,7.0,699.37,10,0,0,2026-06-08 22:38:58,2026-06-08 22:38:58,0.0,0,,0,0,10,0,0,0,0,0,0,0,0
2026-06-08 22:38:58,of:0000000000000002,34902899046835948,ADDED,org.onosproject.fwd,10,00:00:00:00:00:14,00:00:00:00:00:02,,,,,,,,1,3,0,0,7.0,714.54,10,0,0,2026-06-08 22:38:58,2026-06-08 22:38:58,0.0,0,,0,0,10,0,0,0,0,0,0,0,0
2026-06-08 22:38:58,of:0000000000000002,34902900830263804,ADDED,org.onosproject.fwd,10,00:00:00:00:00:07,00:00:00:00:00:14,,,,,,,,8,1,0,0,6.0,684.21,10,0,0,2026-06-08 22:38:53,2026-06-08 22:38:58,5.06,0,,0,0,10,0,0,0,0,0,0,0,0
2026-06-08 22:38:58,of:0000000000000007,34902898302772359,ADDED,org.onosproject.fwd,10,00:00:00:00:00:28,00:00:00:00:00:13,,,,,,,,9,1,0,0,7.0,612.85,10,0,0,2026-06-08 22:38:53,2026-06-08 22:38:58,5.06,0,,0,0,10,0,0,0,0,0,0,0,0
2026-06-08 22:38:58,of:0000000000000007,34902900614401559,ADDED,org.onosproject.fwd,10,00:00:00:00:00:13,00:00:00:00:00:22,,,,,,,,1,3,0,0,8.0,612.85,10,0,0,2026-06-08 22:38:58,2026-06-08 22:38:58,0.0,0,,0,0,10,0,0,0,0,0,0,0,0
2026-06-08 22:38:58,of:0000000000000007,34902900907524120,ADDED,org.onosproject.fwd,10,00:00:00:00:00:14,00:00:00:00:00:26,,,,,,,,1,7,0,0,1.0,607.79,9,0,0,2026-06-08 22:38:58,2026-06-08 22:38:58,0.0,0,,0,0,10,0,0,0,0,0,0,0,0
2026-06-08 22:38:58,of:0000000000000007,34902898154611096,ADDED,org.onosproject.fwd,10,00:00:00:00:00:14,00:00:00:00:00:28,,,,,,,,1,9,0,0,1.0,607.79,9,0,0,2026-06-08 22:38:58,2026-06-08 22:38:58,0.0,0,,0,0,10,0,0,0,0,0,0,0,0
2026-06-08 22:38:58,of:0000000000000007,34902900846005657,ADDED,org.onosproject.fwd,10,00:00:00:00:00:23,00:00:00:00:00:14,,,,,,,,4,1,0,0,1.0,607.79,10,0,0,2026-06-08 22:38:53,2026-06-08 22:38:58,5.06,0,,0,0,10,0,0,0,0,0,0,0,0
2026-06-08 22:38:58,of:0000000000000007,34902899453545882,ADDED,org.onosproject.fwd,10,00:00:00:00:00:26,00:00:00:00:00:13,,,,,,,,7,1,0,0,7.0,612.85,10,0,0,2026-06-08 22:38:53,2026-06-08 22:38:58,5.06,0,,0,0,10,0,0,0,0,0,0,0,0
2026-06-08 22:38:58,of:0000000000000007,34902898240768442,ADDED,org.onosproject.fwd,10,00:00:00:00:00:14,00:00:00:00:00:23,,,,,,,,1,4,0,0,1.0,607.79,10,0,0,2026-06-08 22:38:58,2026-06-08 22:38:58,0.0,0,,0,0,10,0,0,0,0,0,0,0,0
2026-06-08 22:38:58,of:0000000000000007,34902900601600448,ADDED,org.onosproject.fwd,10,00:00:00:00:00:22,00:00:00:00:00:13,,,,,,,,3,1,0,0,8.0,612.85,10,0,0,2026-06-08 22:38:53,2026-06-08 22:38:58,5.06,0,,0,0,10,0,0,0,0,0,0,0,0
2026-06-08 22:38:58,of:0000000000000007,34902897194885440,ADDED,org.onosproject.fwd,10,00:00:00:00:00:13,00:00:00:00:00:25,,,,,,,,1,6,0,0,7.0,612.85,6,0,0,2026-06-08 22:38:58,2026-06-08 22:38:58,0.0,0,,0,0,10,0,0,0,0,0,0,0,0
2026-06-08 22:38:58,of:0000000000000007,34902898377867207,ADDED,org.onosproject.fwd,10,00:00:00:00:00:13,00:00:00:00:00:26,,,,,,,,1,7,0,0,7.0,612.85,10,0,0,2026-06-08 22:38:58,2026-06-08 22:38:58,0.0,0,,0,0,10,0,0,0,0,0,0,0,0
2026-06-08 22:38:58,of:0000000000000007,34902899739041481,ADDED,org.onosproject.fwd,10,00:00:00:00:00:25,00:00:00:00:00:14,,,,,,,,6,1,0,0,1.0,607.79,5,0,0,2026-06-08 22:38:53,2026-06-08 22:38:58,5.06,0,,0,0,10,0,0,0,0,0,0,0,0
2026-06-08 22:38:58,of:0000000000000007,34902901242535371,ADDED,org.onosproject.fwd,10,00:00:00:00:00:27,00:00:00:00:00:13,,,,,,,,8,1,0,0,7.0,612.85,10,0,0,2026-06-08 22:38:53,2026-06-08 22:38:58,5.06,0,,0,0,10,0,0,0,0,0,0,0,0
2026-06-08 22:38:58,of:0000000000000007,34902901308933454,ADDED,org.onosproject.fwd,10,00:00:00:00:00:14,00:00:00:00:00:25,,,,,,,,1,6,0,0,1.0,607.79,5,0,0,2026-06-08 22:38:58,2026-06-08 22:38:58,0.0,0,,0,0,10,0,0,0,0,0,0,0,0
2026-06-08 22:38:58,of:0000000000000007,34902901114672339,ADDED,org.onosproject.fwd,10,00:00:00:00:00:14,00:00:00:00:00:27,,,,,,,,1,8,0,0,1.0,607.79,10,0,0,2026-06-08 22:38:58,2026-06-08 22:38:58,0.0,0,,0,0,10,0,0,0,0,0,0,0,0
2026-06-08 22:38:58,of:0000000000000007,34902899420429780,ADDED,org.onosproject.fwd,10,00:00:00:00:00:27,00:00:00:00:00:14,,,,,,,,8,1,0,0,1.0,607.79,10,0,0,2026-06-08 22:38:53,2026-06-08 22:38:58,5.06,0,,0,0,10,0,0,0,0,0,0,0,0
2026-06-08 22:38:58,of:0000000000000007,34902897256816216,ADDED,org.onosproject.fwd,10,00:00:00:00:00:23,00:00:00:00:00:13,,,,,,,,4,1,0,0,8.0,612.85,10,0,0,2026-06-08 22:38:53,2026-06-08 22:38:58,5.06,0,,0,0,10,0,0,0,0,0,0,0,0
2026-06-08 22:38:58,of:0000000000000007,34902899354377305,ADDED,org.onosproject.fwd,10,00:00:00:00:00:13,00:00:00:00:00:23,,,,,,,,1,4,0,0,8.0,612.85,10,0,0,2026-06-08 22:38:58,2026-06-08 22:38:58,0.0,0,,0,0,10,0,0,0,0,0,0,0,0
2026-06-08 22:38:58,of:0000000000000007,34902898619993179,ADDED,org.onosproject.fwd,10,00:00:00:00:00:13,00:00:00:00:00:24,,,,,,,,1,5,0,0,8.0,612.85,10,0,0,2026-06-08 22:38:58,2026-06-08 22:38:58,0.0,0,,0,0,10,0,0,0,0,0,0,0,0
2026-06-08 22:38:58,of:0000000000000007,34902900024743389,ADDED,org.onosproject.fwd,10,00:00:00:00:00:24,00:00:00:00:00:13,,,,,,,,5,1,0,0,8.0,612.85,10,0,0,2026-06-08 22:38:53,2026-06-08 22:38:58,5.06,0,,0,0,10,0,0,0,0,0,0,0,0
2026-06-08 22:38:58,of:0000000000000007,34902898760517214,ADDED,org.onosproject.fwd,10,00:00:00:00:00:13,00:00:00:00:00:27,,,,,,,,1,8,0,0,7.0,612.85,10,0,0,2026-06-08 22:38:58,2026-06-08 22:38:58,0.0,0,,0,0,10,0,0,0,0,0,0,0,0
2026-06-08 22:38:58,of:0000000000000007,34902899910298338,ADDED,org.onosproject.fwd,10,00:00:00:00:00:14,00:00:00:00:00:24,,,,,,,,1,5,0,0,1.0,607.79,10,0,0,2026-06-08 22:38:58,2026-06-08 22:38:58,0.0,0,,0,0,10,0,0,0,0,0,0,0,0
2026-06-08 22:38:58,of:0000000000000007,34902897599315299,ADDED,org.onosproject.fwd,10,00:00:00:00:00:24,00:00:00:00:00:14,,,,,,,,5,1,0,0,1.0,607.79,10,0,0,2026-06-08 22:38:53,2026-06-08 22:38:58,5.06,0,,0,0,10,0,0,0,0,0,0,0,0
2026-06-08 22:38:58,of:0000000000000007,34902900263090151,ADDED,org.onosproject.fwd,10,00:00:00:00:00:25,00:00:00:00:00:13,,,,,,,,6,1,0,0,7.0,612.85,6,0,0,2026-06-08 22:38:53,2026-06-08 22:38:58,5.06,0,,0,0,10,0,0,0,0,0,0,0,0
2026-06-08 22:38:58,of:0000000000000007,34902897254520296,ADDED,org.onosproject.fwd,10,00:00:00:00:00:14,00:00:00:00:00:22,,,,,,,,1,3,0,0,2.0,607.79,9,0,0,2026-06-08 22:38:58,2026-06-08 22:38:58,0.0,0,,0,0,10,0,0,0,0,0,0,0,0
2026-06-08 22:38:58,of:0000000000000007,34902898168164074,ADDED,org.onosproject.fwd,10,00:00:00:00:00:28,00:00:00:00:00:14,,,,,,,,9,1,0,0,1.0,607.79,9,0,0,2026-06-08 22:38:53,2026-06-08 22:38:58,5.06,0,,0,0,10,0,0,0,0,0,0,0,0
2026-06-08 22:38:58,of:0000000000000007,34902900112983406,ADDED,org.onosproject.fwd,10,00:00:00:00:00:22,00:00:00:00:00:14,,,,,,,,3,1,0,0,1.0,607.79,9,0,0,2026-06-08 22:38:53,2026-06-08 22:38:58,5.06,0,,0,0,10,0,0,0,0,0,0,0,0
2026-06-08 22:38:58,of:0000000000000007,34902900015647092,ADDED,org.onosproject.fwd,10,00:00:00:00:00:13,00:00:00:00:00:28,,,,,,,,1,9,0,0,7.0,612.85,10,0,0,2026-06-08 22:38:58,2026-06-08 22:38:58,0.0,0,,0,0,10,0,0,0,0,0,0,0,0
2026-06-08 22:38:58,of:0000000000000007,34902901045493246,ADDED,org.onosproject.fwd,10,00:00:00:00:00:26,00:00:00:00:00:14,,,,,,,,7,1,0,0,1.0,607.79,9,0,0,2026-06-08 22:38:53,2026-06-08 22:38:58,5.06,0,,0,0,10,0,0,0,0,0,0,0,0
2026-06-08 22:38:58,of:0000000000000005,34902900738626944,ADDED,org.onosproject.fwd,10,00:00:00:00:00:17,00:00:00:00:00:14,,,,,,,,4,2,0,0,3.0,612.85,10,0,0,2026-06-08 22:38:48,2026-06-08 22:38:58,10.13,0,,0,0,10,0,0,0,0,0,0,0,0
2026-06-08 22:38:58,of:0000000000000005,34902899930914732,ADDED,org.onosproject.fwd,10,00:00:00:00:00:1B,00:00:00:00:00:14,,,,,,,,8,2,0,0,2.0,612.85,10,0,0,2026-06-08 22:38:48,2026-06-08 22:38:58,10.13,0,,0,0,10,0,0,0,0,0,0,0,0
2026-06-08 22:38:58,of:0000000000000005,34902900779783983,ADDED,org.onosproject.fwd,10,00:00:00:00:00:14,00:00:00:00:00:1A,,,,,,,,2,7,0,0,3.0,612.85,10,0,0,2026-06-08 22:38:58,2026-06-08 22:38:58,0.0,0,,0,0,10,0,0,0,0,0,0,0,0
2026-06-08 22:38:58,of:0000000000000005,34902897868121910,ADDED,org.onosproject.fwd,10,00:00:00:00:00:14,00:00:00:00:00:1B,,,,,,,,2,8,0,0,3.0,612.85,10,0,0,2026-06-08 22:38:58,2026-06-08 22:38:58,0.0,0,,0,0,10,0,0,0,0,0,0,0,0
2026-06-08 22:38:58,of:0000000000000005,34902898901629369,ADDED,org.onosproject.fwd,10,00:00:00:00:00:14,00:00:00:00:00:18,,,,,,,,2,5,0,0,3.0,612.85,10,0,0,2026-06-08 22:38:58,2026-06-08 22:38:58,0.0,0,,0,0,10,0,0,0,0,0,0,0,0
2026-06-08 22:38:58,of:0000000000000005,34902898765114427,ADDED,org.onosproject.fwd,10,00:00:00:00:00:18,00:00:00:00:00:14,,,,,,,,5,2,0,0,3.0,612.85,10,0,0,2026-06-08 22:38:48,2026-06-08 22:38:58,10.13,0,,0,0,10,0,0,0,0,0,0,0,0
2026-06-08 22:38:58,of:0000000000000005,34902899232588476,ADDED,org.onosproject.fwd,10,00:00:00:00:00:16,00:00:00:00:00:14,,,,,,,,3,2,0,0,3.0,612.85,10,0,0,2026-06-08 22:38:48,2026-06-08 22:38:58,10.13,0,,0,0,10,0,0,0,0,0,0,0,0
2026-06-08 22:38:58,of:0000000000000005,34902898914905422,ADDED,org.onosproject.fwd,10,00:00:00:00:00:14,00:00:00:00:00:17,,,,,,,,2,4,0,0,3.0,612.85,10,0,0,2026-06-08 22:38:58,2026-06-08 22:38:58,0.0,0,,0,0,10,0,0,0,0,0,0,0,0
2026-06-08 22:38:58,of:0000000000000005,34902898790568784,ADDED,org.onosproject.fwd,10,00:00:00:00:00:14,00:00:00:00:00:19,,,,,,,,2,6,0,0,3.0,612.85,7,0,0,2026-06-08 22:38:58,2026-06-08 22:38:58,0.0,0,,0,0,10,0,0,0,0,0,0,0,0
2026-06-08 22:38:58,of:0000000000000005,34902900544719334,ADDED,org.onosproject.fwd,10,00:00:00:00:00:19,00:00:00:00:00:14,,,,,,,,6,2,0,0,3.0,612.85,7,0,0,2026-06-08 22:38:48,2026-06-08 22:38:58,10.13,0,,0,0,10,0,0,0,0,0,0,0,0
2026-06-08 22:38:58,of:0000000000000005,34902900566562537,ADDED,org.onosproject.fwd,10,00:00:00:00:00:14,00:00:00:00:00:16,,,,,,,,2,3,0,0,3.0,612.85,9,0,0,2026-06-08 22:38:58,2026-06-08 22:38:58,0.0,0,,0,0,10,0,0,0,0,0,0,0,0
2026-06-08 22:38:58,of:0000000000000005,34902899624071792,ADDED,org.onosproject.fwd,10,00:00:00:00:00:1A,00:00:00:00:00:14,,,,,,,,7,2,0,0,3.0,612.85,10,0,0,2026-06-08 22:38:48,2026-06-08 22:38:58,10.13,0,,0,0,10,0,0,0,0,0,0,0,0
2026-06-08 22:38:58,of:0000000000000006,34902898282316800,ADDED,org.onosproject.fwd,10,00:00:00:00:00:1C,00:00:00:00:00:14,,,,,,,,3,1,0,0,3.0,612.85,9,0,0,2026-06-08 22:38:53,2026-06-08 22:38:58,5.06,0,,0,0,10,0,0,0,0,0,0,0,0
2026-06-08 22:38:58,of:0000000000000006,34902899927785096,ADDED,org.onosproject.fwd,10,00:00:00:00:00:20,00:00:00:00:00:14,,,,,,,,7,1,0,0,3.0,612.85,5,0,0,2026-06-08 22:38:53,2026-06-08 22:38:58,5.06,0,,0,0,10,0,0,0,0,0,0,0,0
2026-06-08 22:38:58,of:0000000000000006,34902898948212881,ADDED,org.onosproject.fwd,10,00:00:00:00:00:14,00:00:00:00:00:1C,,,,,,,,1,3,0,0,3.0,612.85,9,0,0,2026-06-08 22:38:58,2026-06-08 22:38:58,0.0,0,,0,0,10,0,0,0,0,0,0,0,0
2026-06-08 22:38:58,of:0000000000000006,34902900874905495,ADDED,org.onosproject.fwd,10,00:00:00:00:00:21,00:00:00:00:00:14,,,,,,,,8,1,0,0,3.0,612.85,9,0,0,2026-06-08 22:38:53,2026-06-08 22:38:58,5.06,0,,0,0,10,0,0,0,0,0,0,0,0
2026-06-08 22:38:58,of:0000000000000006,34902900549126556,ADDED,org.onosproject.fwd,10,00:00:00:00:00:1E,00:00:00:00:00:14,,,,,,,,5,1,0,0,3.0,612.85,10,0,0,2026-06-08 22:38:53,2026-06-08 22:38:58,5.06,0,,0,0,10,0,0,0,0,0,0,0,0
2026-06-08 22:38:58,of:0000000000000006,34902899051954591,ADDED,org.onosproject.fwd,10,00:00:00:00:00:13,00:00:00:00:00:20,,,,,,,,1,7,0,0,9.0,617.91,6,0,0,2026-06-08 22:38:58,2026-06-08 22:38:58,0.0,0,,0,0,10,0,0,0,0,0,0,0,0
2026-06-08 22:38:58,of:0000000000000006,34902897493024806,ADDED,org.onosproject.fwd,10,00:00:00:00:00:14,00:00:00:00:00:21,,,,,,,,1,8,0,0,3.0,612.85,10,0,0,2026-06-08 22:38:58,2026-06-08 22:38:58,0.0,0,,0,0,10,0,0,0,0,0,0,0,0
2026-06-08 22:38:58,of:0000000000000006,34902897188105386,ADDED,org.onosproject.fwd,10,00:00:00:00:00:1F,00:00:00:00:00:14,,,,,,,,6,1,0,0,3.0,612.85,5,0,0,2026-06-08 22:38:53,2026-06-08 22:38:58,5.06,0,,0,0,10,0,0,0,0,0,0,0,0
2026-06-08 22:38:58,of:0000000000000006,34902897707218862,ADDED,org.onosproject.fwd,10,00:00:00:00:00:1D,00:00:00:00:00:14,,,,,,,,4,1,0,0,3.0,612.85,10,0,0,2026-06-08 22:38:53,2026-06-08 22:38:58,5.06,0,,0,0,10,0,0,0,0,0,0,0,0
2026-06-08 22:38:58,of:0000000000000006,34902901250868654,ADDED,org.onosproject.fwd,10,00:00:00:00:00:1F,00:00:00:00:00:13,,,,,,,,6,1,0,0,9.0,617.91,6,0,0,2026-06-08 22:38:53,2026-06-08 22:38:58,5.06,0,,0,0,10,0,0,0,0,0,0,0,0
2026-06-08 22:38:58,of:0000000000000006,34902899620430129,ADDED,org.onosproject.fwd,10,00:00:00:00:00:14,00:00:00:00:00:1E,,,,,,,,1,5,0,0,3.0,612.85,9,0,0,2026-06-08 22:38:58,2026-06-08 22:38:58,0.0,0,,0,0,10,0,0,0,0,0,0,0,0
2026-06-08 22:38:58,of:0000000000000006,34902899486682334,ADDED,org.onosproject.fwd,10,00:00:00:00:00:14,00:00:00:00:00:20,,,,,,,,1,7,0,0,3.0,612.85,5,0,0,2026-06-08 22:38:58,2026-06-08 22:38:58,0.0,0,,0,0,10,0,0,0,0,0,0,0,0
2026-06-08 22:38:58,of:0000000000000006,34902900172345958,ADDED,org.onosproject.fwd,10,00:00:00:00:00:1E,00:00:00:00:00:13,,,,,,,,5,1,0,0,9.0,617.91,10,0,0,2026-06-08 22:38:53,2026-06-08 22:38:58,5.06,0,,0,0,10,0,0,0,0,0,0,0,0
2026-06-08 22:38:58,of:0000000000000006,34902899835053416,ADDED,org.onosproject.fwd,10,00:00:00:00:00:14,00:00:00:00:00:1D,,,,,,,,1,4,0,0,3.0,612.85,10,0,0,2026-06-08 22:38:58,2026-06-08 22:38:58,0.0,0,,0,0,10,0,0,0,0,0,0,0,0
2026-06-08 22:38:58,of:0000000000000006,34902898252908909,ADDED,org.onosproject.fwd,10,00:00:00:00:00:13,00:00:00:00:00:1F,,,,,,,,1,6,0,0,9.0,617.91,6,0,0,2026-06-08 22:38:58,2026-06-08 22:38:58,0.0,0,,0,0,10,0,0,0,0,0,0,0,0
2026-06-08 22:38:58,of:0000000000000006,34902897124222706,ADDED,org.onosproject.fwd,10,00:00:00:00:00:20,00:00:00:00:00:13,,,,,,,,7,1,0,0,9.0,617.91,6,0,0,2026-06-08 22:38:53,2026-06-08 22:38:58,5.06,0,,0,0,10,0,0,0,0,0,0,0,0
2026-06-08 22:38:58,of:0000000000000006,34902901159188340,ADDED,org.onosproject.fwd,10,00:00:00:00:00:21,00:00:00:00:00:13,,,,,,,,8,1,0,0,9.0,617.91,10,0,0,2026-06-08 22:38:53,2026-06-08 22:38:58,5.06,0,,0,0,10,0,0,0,0,0,0,0,0
2026-06-08 22:38:58,of:0000000000000006,34902900053163512,ADDED,org.onosproject.fwd,10,00:00:00:00:00:13,00:00:00:00:00:21,,,,,,,,1,8,0,0,9.0,617.91,10,0,0,2026-06-08 22:38:58,2026-06-08 22:38:58,0.0,0,,0,0,10,0,0,0,0,0,0,0,0
2026-06-08 22:38:58,of:0000000000000006,34902897179853563,ADDED,org.onosproject.fwd,10,00:00:00:00:00:14,00:00:00:00:00:1F,,,,,,,,1,6,0,0,3.0,612.85,5,0,0,2026-06-08 22:38:58,2026-06-08 22:38:58,0.0,0,,0,0,10,0,0,0,0,0,0,0,0
2026-06-08 22:38:58,of:0000000000000009,34902897818051076,ADDED,org.onosproject.fwd,10,00:00:00:00:00:1B,00:00:00:00:00:14,,,,,,,,3,2,0,0,5.0,612.85,10,0,0,2026-06-08 22:38:48,2026-06-08 22:38:58,10.13,0,,0,0,10,0,0,0,0,0,0,0,0
2026-06-08 22:38:58,of:0000000000000009,34902900075035014,ADDED,org.onosproject.fwd,10,00:00:00:00:00:17,00:00:00:00:00:14,,,,,,,,3,2,0,0,5.0,612.85,10,0,0,2026-06-08 22:38:48,2026-06-08 22:38:58,10.13,0,,0,0,10,0,0,0,0,0,0,0,0
2026-06-08 22:38:58,of:0000000000000009,34902898439950348,ADDED,org.onosproject.fwd,10,00:00:00:00:00:19,00:00:00:00:00:14,,,,,,,,3,2,0,0,5.0,612.85,10,0,0,2026-06-08 22:38:48,2026-06-08 22:38:58,10.13,0,,0,0,10,0,0,0,0,0,0,0,0
2026-06-08 22:38:58,of:0000000000000009,34902898960687503,ADDED,org.onosproject.fwd,10,00:00:00:00:00:14,00:00:00:00:00:17,,,,,,,,2,3,0,0,5.0,612.85,10,0,0,2026-06-08 22:38:58,2026-06-08 22:38:58,0.0,0,,0,0,10,0,0,0,0,0,0,0,0
2026-06-08 22:38:58,of:0000000000000009,34902901130467217,ADDED,org.onosproject.fwd,10,00:00:00:00:00:14,00:00:00:00:00:18,,,,,,,,2,3,0,0,5.0,612.85,10,0,0,2026-06-08 22:38:58,2026-06-08 22:38:58,0.0,0,,0,0,10,0,0,0,0,0,0,0,0
2026-06-08 22:38:58,of:0000000000000009,34902897533774375,ADDED,org.onosproject.fwd,10,00:00:00:00:00:14,00:00:00:00:00:16,,,,,,,,2,3,0,0,6.0,612.85,10,0,0,2026-06-08 22:38:58,2026-06-08 22:38:58,0.0,0,,0,0,10,0,0,0,0,0,0,0,0
2026-06-08 22:38:58,of:0000000000000009,34902900728708777,ADDED,org.onosproject.fwd,10,00:00:00:00:00:16,00:00:00:00:00:14,,,,,,,,3,2,0,0,6.0,612.85,10,0,0,2026-06-08 22:38:48,2026-06-08 22:38:58,10.13,0,,0,0,10,0,0,0,0,0,0,0,0
2026-06-08 22:38:58,of:0000000000000009,34902899828248234,ADDED,org.onosproject.fwd,10,00:00:00:00:00:14,00:00:00:00:00:1B,,,,,,,,2,3,0,0,5.0,612.85,10,0,0,2026-06-08 22:38:58,2026-06-08 22:38:58,0.0,0,,0,0,10,0,0,0,0,0,0,0,0
2026-06-08 22:38:58,of:0000000000000009,34902900121660204,ADDED,org.onosproject.fwd,10,00:00:00:00:00:1A,00:00:00:00:00:14,,,,,,,,3,2,0,0,5.0,612.85,10,0,0,2026-06-08 22:38:48,2026-06-08 22:38:58,10.13,0,,0,0,10,0,0,0,0,0,0,0,0
2026-06-08 22:38:58,of:0000000000000009,34902899921894321,ADDED,org.onosproject.fwd,10,00:00:00:00:00:17,00:00:00:00:00:15,,,,,,,,3,2,0,0,0.0,607.79,10,0,0,2026-06-08 22:38:53,2026-06-08 22:38:58,5.06,0,,0,0,10,0,0,0,0,0,0,0,0
2026-06-08 22:38:58,of:0000000000000009,34902898400975288,ADDED,org.onosproject.fwd,10,00:00:00:00:00:18,00:00:00:00:00:14,,,,,,,,3,2,0,0,5.0,612.85,10,0,0,2026-06-08 22:38:48,2026-06-08 22:38:58,10.13,0,,0,0,10,0,0,0,0,0,0,0,0
2026-06-08 22:38:58,of:0000000000000009,34902900840739529,ADDED,org.onosproject.fwd,10,00:00:00:00:00:16,00:00:00:00:00:15,,,,,,,,3,2,0,0,0.0,607.79,7,0,0,2026-06-08 22:38:53,2026-06-08 22:38:58,5.06,0,,0,0,10,0,0,0,0,0,0,0,0
2026-06-08 22:38:58,of:0000000000000009,34902897437524298,ADDED,org.onosproject.fwd,10,00:00:00:00:00:15,00:00:00:00:00:16,,,,,,,,2,3,0,0,0.0,607.79,7,0,0,2026-06-08 22:38:58,2026-06-08 22:38:58,0.0,0,,0,0,10,0,0,0,0,0,0,0,0
2026-06-08 22:38:58,of:0000000000000009,34902899021083219,ADDED,org.onosproject.fwd,10,00:00:00:00:00:14,00:00:00:00:00:1A,,,,,,,,2,3,0,0,5.0,612.85,10,0,0,2026-06-08 22:38:58,2026-06-08 22:38:58,0.0,0,,0,0,10,0,0,0,0,0,0,0,0
2026-06-08 22:38:58,of:0000000000000009,34902900408409060,ADDED,org.onosproject.fwd,10,00:00:00:00:00:14,00:00:00:00:00:19,,,,,,,,2,3,0,0,5.0,612.85,10,0,0,2026-06-08 22:38:58,2026-06-08 22:38:58,0.0,0,,0,0,10,0,0,0,0,0,0,0,0
2026-06-08 22:38:58,of:0000000000000009,34902900434403578,ADDED,org.onosproject.fwd,10,00:00:00:00:00:15,00:00:00:00:00:17,,,,,,,,2,3,0,0,0.0,607.79,10,0,0,2026-06-08 22:38:58,2026-06-08 22:38:58,0.0,0,,0,0,10,0,0,0,0,0,0,0,0
