host_a,host_b,history
h1,h2,"0,0,0,5,5,5,5,5,5,5,0,0,0,9,3"
h1,h3,"6,6,6,6,6,6,6,6,6,6,6,6,6,1,0"
h1,h4,"5,5,5,5,5,5,5,5,5,5,5,0,0,9,3"
h1,h5,"5,5,5,5,5,5,0,0,0,0,0,0,0,9,3"
h1,h6,"5,5,5,5,5,3,3,3,3,3,3,0,0,9,0"
h1,h7,"6,6,5,5,5,5,5,5,0,3,0,1,0,0,8"
h1,h8,"9,9,9,9,9,9,9,9,9,9,9,9,9,9,0"
h1,h9,"0,8,0,9,0,4,6,7,0,5,0,2,0,1,0"
h1,h10,"2,2,2,2,2,2,2,2,1,0,3,0,5,0,8"
h1,h11,"8,8,8,8,8,8,8,0,2,1,0,3,0,0,5"
h1,h12,"5,5,5,5,5,5,5,5,5,3,2,0,8,0,0"
h1,h13,"5,5,5,5,5,5,5,5,5,3,0,2,0,1,0"
h1,h14,"2,2,2,2,2,2,2,2,2,1,0,3,0,7,0"
h1,h15,"5,5,5,5,5,5,5,5,5,5,5,5,5,5,0"
h1,h16,"5,5,5,0,0,0,0,0,0,8,0,9,0,2,0"
h1,h17,"5,5,5,5,5,5,5,0,0,0,0,0,0,0,0"
h1,h18,"2,2,2,2,2,2,2,2,3,3,3,3,3,3,0"
h1,h19,"9,9,9,9,9,9,9,9,0,2,1,0,6,0,0"
h1,h20,"2,2,2,2,2,2,2,2,1,1,1,1,1,1,0"
h1,h21,"1,1,1,2,2,2,2,2,2,3,6,0,5,0,0"
h1,h22,"1,1,1,1,1,1,0,0,0,0,0,0,5,0,0"
h1,h23,"8,8,8,8,8,8,8,8,8,8,8,8,8,8,0"
h1,h24,"1,1,1,1,1,1,1,1,1,1,1,1,1,1,0"
h1,h25,"1,1,1,1,1,1,1,1,1,1,1,1,1,1,0"
h1,h26,"3,3,3,3,3,3,3,3,3,6,0,8,0,2,0"
h1,h27,"2,2,2,2,2,2,2,2,2,1,6,0,8,0,0"
h1,h28,"5,5,5,5,5,5,5,5,5,5,5,5,5,0,0"
h1,h29,"5,5,5,5,5,5,5,5,5,5,5,5,5,5,0"
h1,h30,"5,5,5,5,5,5,5,3,3,3,3,3,3,0,0"
h1,h31,"1,1,1,1,1,1,1,1,0,0,0,0,0,0,0"
h1,h32,"5,5,6,6,6,6,6,6,0,2,1,0,8,0,0"
h1,h33,"6,6,6,1,1,1,1,1,1,8,0,2,0,5,0"
h1,h34,"8,8,1,1,1,1,1,1,0,2,0,3,0,7,0"
h1,h35,"4,4,2,2,2,2,2,2,2,1,8,0,5,0,0"
h1,h36,"5,5,5,0,0,0,0,0,0,8,0,2,0,3,0"
h1,h37,"0,0,8,8,8,8,8,8,0,5,0,1,0,2,0"
h1,h38,"5,5,5,5,5,5,5,5,0,8,0,1,0,2,0"
h1,h39,"8,8,8,8,8,8,8,8,0,5,0,3,0,1,0"
h1,h40,"0,0,0,0,0,0,0,0,0,0,0,0,0,0,0"
h2,h3,"0,0,0,0,0,0,0,0,0,0,0,0,0,0,0"
h2,h4,"0,0,0,0,0,0,0,0,0,0,0,0,0,0,0"
h2,h5,"0,0,0,0,0,0,0,0,0,0,0,0,0,0,0"
h2,h6,"0,0,0,0,0,0,0,0,0,0,0,0,0,0,0"
h2,h7,"0,0,0,0,0,0,0,0,0,0,0,0,0,0,0"
h2,h8,"0,0,0,0,0,0,0,0,0,0,0,0,0,0,0"
h2,h9,"0,0,0,0,0,0,0,0,0,0,0,0,0,0,0"
h2,h20,"0,0,0,0,0,0,0,0,0,0,0,0,0,0,0"
h2,h21,"0,0,0,0,0,0,0,0,0,0,0,0,0,0,0"
h2,h22,"0,0,0,0,0,0,0,0,0,0,0,0,0,0,0"
h2,h23,"0,0,0,0,0,0,0,0,0,0,0,0,0,0,0"
h2,h24,"0,0,0,0,0,0,0,0,0,0,0,0,0,0,0"
h2,h25,"0,0,0,0,0,0,0,0,0,0,0,0,0,0,0"
h2,h26,"0,0,0,0,0,0,0,0,0,0,0,0,0,0,0"
h2,h27,"0,0,0,0,0,0,0,0,0,0,0,0,0,0,0"
h2,h28,"0,0,0,0,0,0,0,0,0,0,0,0,0,0,0"
h2,h29,"0,0,0,0,0,0,0,0,0,0,0,0,0,0,0"
h2,h30,"0,0,0,0,0,0,0,0,0,0,0,0,0,0,7"
h2,h31,"0,0,0,0,0,0,0,0,0,0,0,0,0,0,0"
h2,h32,"0,0,0,0,0,0,0,0,0,0,0,0,0,0,0"
h2,h33,"0,0,0,0,0,0,0,0,0,0,0,0,0,0,7"
h2,h34,"0,0,0,0,0,0,0,0,0,0,0,0,0,0,0"
h2,h35,"0,0,0,0,0,0,0,0,0,0,0,0,0,0,6"
h2,h36,"0,0,0,0,0,0,0,0,0,0,0,0,0,0,0"
h2,h37,"0,0,0,0,0,0,0,0,0,0,0,0,0,0,0"
h2,h38,"0,0,0,0,0,0,0,0,0,0,0,0,0,0,0"
h2,h39,"0,0,0,0,0,0,0,0,0,0,0,0,0,0,0"
h2,h40,"0,0,0,0,0,0,0,0,0,0,0,0,0,0,0"
h3,h4,"0,0,0,0,0,0,0,0,0,0,0,0,0,0,0"
h3,h5,"0,0,0,0,0,0,0,0,0,0,0,0,0,0,0"
h3,h6,"0,0,0,0,0,0,0,0,0,0,0,0,0,0,0"
h3,h7,"0,0,0,0,0,0,0,0,0,0,0,0,0,0,0"
h3,h8,"0,0,0,0,0,0,0,0,0,0,0,0,0,0,0"
h3,h9,"0,0,0,0,0,0,0,0,0,0,0,0,0,0,0"
h3,h30,"0,0,0,0,0,0,0,0,0,0,0,0,0,0,0"
h3,h31,"0,0,0,0,0,0,0,0,0,0,0,0,0,0,0"
h3,h32,"0,0,0,0,0,0,0,0,0,0,0,0,0,0,0"
h3,h33,"0,0,0,0,0,0,0,0,0,0,0,0,0,0,7"
h3,h34,"0,0,0,0,0,0,0,0,0,0,0,0,0,0,0"
h3,h35,"0,0,0,0,0,0,0,0,0,0,0,0,0,0,6"
h3,h36,"0,0,0,0,0,0,0,0,0,0,0,0,0,0,0"
h3,h37,"0,0,0,0,0,0,0,0,0,0,0,0,0,0,0"
h3,h38,"0,0,0,0,0,0,0,0,0,0,0,0,0,0,0"
h3,h39,"0,0,0,0,0,0,0,0,0,0,0,0,0,0,0"
h3,h40,"0,0,0,0,0,0,0,0,0,0,0,0,0,0,0"
h4,h5,"0,0,0,0,0,0,0,0,0,0,0,0,0,0,0"
h4,h6,"0,0,0,0,0,0,0,0,0,0,0,0,0,0,0"
h4,h7,"0,0,0,0,0,0,0,0,0,0,0,0,0,0,0"
h4,h8,"0,0,0,0,0,0,0,0,0,0,0,0,0,0,0"
h4,h9,"0,0,0,0,0,0,0,0,0,0,0,0,0,0,0"
h4,h40,"0,0,0,0,0,0,0,0,0,0,0,0,0,0,0"
h5,h6,"0,0,0,0,0,0,0,0,0,0,0,0,0,0,0"
h5,h7,"0,0,0,0,0,0,0,0,0,0,0,0,0,0,0"
h5,h8,"0,0,0,0,0,0,0,0,0,0,0,0,0,0,0"
h5,h9,"0,0,0,0,0,0,0,0,0,0,0,0,0,0,0"
h6,h7,"0,0,0,0,0,0,0,0,0,0,0,0,0,0,0"
h6,h8,"0,0,0,0,0,0,0,0,0,0,0,0,0,0,0"
h6,h9,"0,0,0,0,0,0,0,0,0,0,0,0,0,0,0"
h7,h8,"0,0,0,0,0,0,0,0,0,0,0,0,0,0,0"
h7,h9,"0,0,0,0,0,0,0,0,0,0,0,0,0,0,0"
h8,h9,"0,0,0,0,0,0,0,0,0,0,0,0,0,0,0"
h10,h2,"0,0,0,0,0,0,0,0,0,0,0,0,0,0,0"
h10,h3,"0,0,0,0,0,0,0,0,0,0,0,0,0,0,0"
h10,h4,"0,0,0,0,0,0,0,0,0,0,0,0,0,0,0"
h10,h5,"0,0,0,0,0,0,0,0,0,0,0,0,0,0,0"
h10,h6,"0,0,0,0,0,0,0,0,0,0,0,0,0,0,0"
h10,h7,"0,0,0,0,0,0,0,0,0,0,0,0,0,0,0"
h10,h8,"0,0,0,0,0,0,0,0,0,0,0,0,0,0,0"
h10,h9,"0,0,0,0,0,0,0,0,0,0,0,0,0,0,0"
h10,h11,"0,0,0,0,0,0,0,0,0,0,0,0,0,0,0"
h10,h12,"0,0,0,0,0,0,0,0,0,0,0,0,0,0,0"
h10,h13,"0,0,0,0,0,0,0,0,0,0,0,0,0,0,0"
h10,h14,"0,0,0,0,0,0,0,0,0,0,0,0,0,0,0"
h10,h15,"0,0,0,0,0,0,0,0,0,0,0,0,0,0,0"
h10,h16,"0,0,0,0,0,0,0,0,0,0,0,0,0,0,0"
h10,h17,"0,0,0,0,0,0,0,0,0,0,0,0,0,0,0"
h10,h18,"0,0,0,0,0,0,0,0,0,0,0,0,0,0,0"
h10,h19,"0,0,0,0,0,0,0,0,0,0,0,0,0,0,0"
h10,h20,"0,0,0,0,0,0,0,0,0,0,0,0,0,0,0"
h10,h21,"0,0,0,0,0,0,0,0,0,0,0,0,0,0,0"
h10,h22,"0,0,0,0,0,0,0,0,0,0,0,0,0,0,0"
h10,h23,"0,0,0,0,0,0,0,0,0,0,0,0,0,0,0"
h10,h24,"0,0,0,0,0,0,0,0,0,0,0,0,0,0,0"
h10,h25,"0,0,0,0,0,0,0,0,0,0,0,0,0,0,0"
h10,h26,"0,0,0,0,0,0,0,0,0,0,0,0,0,0,0"
h10,h27,"0,0,0,0,0,0,0,0,0,0,0,0,0,0,0"
h10,h28,"0,0,0,0,0,0,0,0,0,0,0,0,0,0,0"
h10,h29,"0,0,0,0,0,0,0,0,0,0,0,0,0,0,0"
h10,h30,"0,0,0,0,0,0,0,0,0,0,0,0,0,0,7"
h10,h31,"0,0,0,0,0,0,0,0,0,0,0,0,0,0,0"
h10,h32,"0,0,0,0,0,0,0,0,0,0,0,0,0,0,0"
h10,h33,"0,0,0,0,0,0,0,0,0,0,0,0,0,0,6"
h10,h34,"0,0,0,0,0,0,0,0,0,0,0,0,0,0,0"
h10,h35,"0,0,0,0,0,0,0,0,0,0,0,0,0,0,7"
h10,h36,"0,0,0,0,0,0,0,0,0,0,0,0,0,0,0"
h10,h37,"0,0,0,0,0,0,0,0,0,0,0,0,0,0,0"
h10,h38,"0,0,0,0,0,0,0,0,0,0,0,0,0,0,0"
h10,h39,"0,0,0,0,0,0,0,0,0,0,0,0,0,0,0"
h10,h40,"0,0,0,0,0,0,0,0,0,0,0,0,0,0,0"
h11,h2,"0,0,0,0,0,0,0,0,0,0,0,0,0,0,0"
h11,h3,"0,0,0,0,0,0,0,0,0,0,0,0,0,0,0"
h11,h4,"0,0,0,0,0,0,0,0,0,0,0,0,0,0,0"
h11,h5,"0,0,0,0,0,0,0,0,0,0,0,0,0,0,0"
h11,h6,"0,0,0,0,0,0,0,0,0,0,0,0,0,0,0"
h11,h7,"0,0,0,0,0,0,0,0,0,0,0,0,0,0,0"
h11,h8,"0,0,0,0,0,0,0,0,0,0,0,0,0,0,0"
h11,h9,"0,0,0,0,0,0,0,0,0,0,0,0,0,0,0"
h11,h12,"0,0,0,0,0,0,0,0,0,0,0,0,0,0,0"
h11,h13,"0,0,0,0,0,0,0,0,0,0,0,0,0,0,0"
h11,h14,"0,0,0,0,0,0,0,0,0,0,0,0,0,0,0"
h11,h15,"0,0,0,0,0,0,0,0,0,0,0,0,0,0,0"
h11,h16,"0,0,0,0,0,0,0,0,0,0,0,0,0,0,0"
h11,h17,"0,0,0,0,0,0,0,0,0,0,0,0,0,0,0"
h11,h18,"0,0,0,0,0,0,0,0,0,0,0,0,0,0,0"
h11,h19,"0,0,0,0,0,0,0,0,0,0,0,0,0,0,0"
h11,h20,"0,0,0,0,0,0,0,0,0,0,0,0,0,0,0"
h11,h21,"0,0,0,0,0,0,0,0,0,0,0,0,0,0,0"
h11,h22,"0,0,0,0,0,0,0,0,0,0,0,0,0,0,0"
h11,h23,"0,0,0,0,0,0,0,0,0,0,0,0,0,0,0"
h11,h24,"0,0,0,0,0,0,0,0,0,0,0,0,0,0,0"
h11,h25,"0,0,0,0,0,0,0,0,0,0,0,0,0,0,0"
h11,h26,"0,0,0,0,0,0,0,0,0,0,0,0,0,0,0"
h11,h27,"0,0,0,0,0,0,0,0,0,0,0,0,0,3,0"
h11,h28,"0,0,0,0,0,0,0,0,0,0,0,0,0,0,0"
h11,h29,"0,0,0,0,0,0,0,0,0,0,0,0,0,0,0"
h11,h30,"0,0,0,0,0,0,0,0,0,0,0,0,0,0,7"
h11,h31,"0,0,0,0,0,0,0,0,0,0,0,0,0,0,0"
h11,h32,"0,0,0,0,0,0,0,0,0,0,0,0,0,0,0"
h11,h33,"0,0,0,0,0,0,0,0,0,0,0,0,0,0,6"
h11,h34,"0,0,0,0,0,0,0,0,0,0,0,0,0,0,0"
h11,h35,"0,0,0,0,0,0,0,0,0,0,0,0,0,0,7"
h11,h36,"0,0,0,0,0,0,0,0,0,0,0,0,0,0,0"
h11,h37,"0,0,0,0,0,0,0,0,0,0,0,0,0,0,0"
h11,h38,"0,0,0,0,0,0,0,0,0,0,0,0,0,0,0"
h11,h39,"0,0,0,0,0,0,0,0,0,0,0,0,0,0,0"
h11,h40,"0,0,0,0,0,0,0,0,0,0,0,0,0,0,0"
h12,h2,"0,0,0,0,0,0,0,0,0,0,0,0,0,0,0"
h12,h3,"0,0,0,0,0,0,0,0,0,0,0,0,0,0,0"
h12,h4,"0,0,0,0,0,0,0,0,0,0,0,0,0,0,0"
h12,h5,"0,0,0,0,0,0,0,0,0,0,0,0,0,0,0"
h12,h6,"0,0,0,0,0,0,0,0,0,0,0,0,0,0,0"
h12,h7,"0,0,0,0,0,0,0,0,0,0,0,0,0,0,0"
h12,h8,"0,0,0,0,0,0,0,0,0,0,0,0,0,0,0"
h12,h9,"0,0,0,0,0,0,0,0,0,0,0,0,0,0,0"
h12,h13,"0,0,0,0,0,0,0,0,0,0,0,0,0,0,0"
h12,h14,"0,0,0,0,0,0,0,0,0,0,0,0,0,0,0"
h12,h15,"0,0,0,0,0,0,0,0,0,0,0,0,0,0,0"
h12,h16,"0,0,0,0,0,0,0,0,0,0,0,0,0,0,0"
h12,h17,"0,0,0,0,0,0,0,0,0,0,0,0,0,0,0"
h12,h18,"0,0,0,0,0,0,0,0,0,0,0,0,0,0,0"
h12,h19,"0,0,0,0,0,0,0,0,0,0,0,0,0,0,0"
h12,h20,"0,0,0,0,0,0,0,0,0,0,0,0,0,0,0"
h12,h21,"0,0,0,0,0,0,0,0,0,0,0,0,0,0,0"
h12,h22,"0,0,0,0,0,0,0,0,0,0,0,0,0,0,0"
h12,h23,"0,0,0,0,0,0,0,0,0,0,0,0,0,0,0"
h12,h24,"0,0,0,0,0,0,0,0,0,0,0,0,0,0,0"
h12,h25,"0,0,0,0,0,0,0,0,0,0,0,0,0,0,0"
h12,h26,"0,0,0,0,0,0,0,0,0,0,0,0,0,0,0"
h12,h27,"0,0,0,0,0,0,0,0,0,0,0,0,0,0,0"
h12,h28,"0,0,0,0,0,0,0,0,0,0,0,0,0,0,0"
h12,h29,"0,0,0,0,0,0,0,0,0,0,0,0,0,0,0"
h12,h30,"0,0,0,0,0,0,0,0,0,0,0,0,0,0,6"
h12,h31,"0,0,0,0,0,0,0,0,0,0,0,0,0,0,0"
h12,h32,"0,0,0,0,0,0,0,0,0,0,0,0,0,0,0"
h12,h33,"0,0,0,0,0,0,0,0,0,0,0,0,0,0,7"
h12,h34,"0,0,0,0,0,0,0,0,0,0,0,0,0,0,0"
h12,h35,"0,0,0,0,0,0,0,0,0,0,0,0,0,0,7"
h12,h36,"0,0,0,0,0,0,0,0,0,0,0,0,0,0,0"
h12,h37,"0,0,0,0,0,0,0,0,0,0,0,0,0,0,0"
h12,h38,"0,0,0,0,0,0,0,0,0,0,0,0,0,0,0"
h12,h39,"0,0,0,0,0,0,0,0,0,0,0,0,0,0,0"
h12,h40,"0,0,0,0,0,0,0,0,0,0,0,0,0,0,0"
h13,h2,"0,0,0,0,0,0,0,0,0,0,0,0,0,0,0"
h13,h3,"0,0,0,0,0,0,0,0,0,0,0,0,0,0,0"
h13,h4,"0,0,0,0,0,0,0,0,0,0,0,0,0,0,0"
h13,h5,"0,0,0,0,0,0,0,0,0,0,0,0,0,0,0"
h13,h6,"0,0,0,0,0,0,0,0,0,0,0,0,0,0,0"
h13,h7,"0,0,0,0,0,0,0,0,0,0,0,0,0,0,0"
h13,h8,"0,0,0,0,0,0,0,0,0,0,0,0,0,0,0"
h13,h9,"0,0,0,0,0,0,0,0,0,0,0,0,0,0,0"
h13,h14,"0,0,0,0,0,0,0,0,0,0,0,0,0,0,0"
h13,h15,"0,0,0,0,0,0,0,0,0,0,0,0,0,0,0"
h13,h16,"0,0,0,0,0,0,0,0,0,0,0,0,0,0,0"
h13,h17,"0,0,0,0,0,0,0,0,0,0,0,0,0,0,0"
h13,h18,"0,0,0,0,0,0,0,0,0,0,0,0,0,0,0"
h13,h19,"0,0,0,0,0,0,0,0,0,0,0,0,0,0,0"
h13,h20,"0,0,0,0,0,0,0,0,0,0,0,0,0,0,0"
h13,h21,"0,0,0,0,0,0,0,0,0,0,0,0,0,0,0"
h13,h22,"0,0,0,0,0,0,0,0,0,0,0,0,0,0,0"
h13,h23,"0,0,0,0,0,0,0,0,0,0,0,0,0,0,0"
h13,h24,"0,0,0,0,0,0,0,0,0,0,0,0,0,0,0"
h13,h25,"0,0,0,0,0,0,0,0,0,0,0,0,0,0,0"
h13,h26,"0,0,0,0,0,0,0,0,0,0,0,0,0,0,0"
h13,h27,"0,0,0,0,0,0,0,0,0,0,0,0,0,0,0"
h13,h28,"0,0,0,0,0,0,0,0,0,0,0,0,0,0,0"
h13,h29,"0,0,0,0,0,0,0,0,0,0,0,0,0,0,0"
h13,h30,"0,0,0,0,0,0,0,0,0,0,0,0,0,0,7"
h13,h31,"0,0,0,0,0,0,0,0,0,0,0,0,0,0,0"
h13,h32,"0,0,0,0,0,0,0,0,0,0,0,0,0,0,0"
h13,h33,"0,0,0,0,0,0,0,0,0,0,0,0,0,0,6"
h13,h34,"0,0,0,0,0,0,0,0,0,0,0,0,0,0,0"
h13,h35,"0,0,0,0,0,0,0,0,0,0,0,0,0,0,7"
h13,h36,"0,0,0,0,0,0,0,0,0,0,0,0,0,0,0"
h13,h37,"0,0,0,0,0,0,0,0,0,0,0,0,0,0,0"
h13,h38,"0,0,0,0,0,0,0,0,0,0,0,0,0,0,0"
h13,h39,"0,0,0,0,0,0,0,0,0,0,0,0,0,0,0"
h13,h40,"0,0,0,0,0,0,0,0,0,0,0,0,0,0,0"
h14,h2,"0,0,0,0,0,0,0,0,0,0,0,0,0,0,0"
h14,h3,"0,0,0,0,0,0,0,0,0,0,0,0,0,0,0"
h14,h4,"0,0,0,0,0,0,0,0,0,0,0,0,0,0,0"
h14,h5,"0,0,0,0,0,0,0,0,0,0,0,0,0,0,0"
h14,h6,"0,0,0,0,0,0,0,0,0,0,0,0,0,0,0"
h14,h7,"0,0,0,0,0,0,0,0,0,0,0,0,0,0,0"
h14,h8,"0,0,0,0,0,0,0,0,0,0,0,0,0,0,0"
h14,h9,"0,0,0,0,0,0,0,0,0,0,0,0,0,0,0"
h14,h15,"0,0,0,0,0,0,0,0,0,0,0,0,0,0,0"
h14,h16,"0,0,0,0,0,0,0,0,0,0,0,0,0,0,0"
h14,h17,"0,0,0,0,0,0,0,0,0,0,0,0,0,0,0"
h14,h18,"0,0,0,0,0,0,0,0,0,0,0,0,0,0,0"
h14,h19,"0,0,0,0,0,0,0,0,0,0,0,0,0,0,0"
h14,h20,"0,0,0,0,0,0,0,0,0,0,0,0,0,0,0"
h14,h21,"0,0,0,0,0,0,0,0,0,0,0,0,0,0,0"
h14,h22,"0,0,0,0,0,0,0,0,0,0,0,0,0,0,0"
h14,h23,"0,0,0,0,0,0,0,0,0,0,0,0,0,0,0"
h14,h24,"0,0,0,0,0,0,0,0,0,0,0,0,0,0,0"
h14,h25,"0,0,0,0,0,0,0,0,0,0,0,0,0,0,0"
h14,h26,"0,0,0,0,0,0,0,0,0,0,0,0,0,0,0"
h14,h27,"0,0,0,0,0,0,0,0,0,0,0,0,0,0,0"
h14,h28,"0,0,0,0,0,0,0,0,0,0,0,0,0,0,0"
h14,h29,"0,0,0,0,0,0,0,0,0,0,0,0,0,0,0"
h14,h30,"0,0,0,0,0,0,0,0,0,0,0,0,0,0,7"
h14,h31,"0,0,0,0,0,0,0,0,0,0,0,0,0,0,0"
h14,h32,"0,0,0,0,0,0,0,0,0,0,0,0,0,0,0"
h14,h33,"0,0,0,0,0,0,0,0,0,0,0,0,0,0,0"
h14,h34,"0,0,0,0,0,0,0,0,0,0,0,0,0,0,0"
h14,h35,"0,0,0,0,0,0,0,0,0,0,0,0,0,0,7"
h14,h36,"0,0,0,0,0,0,0,0,0,0,0,0,0,0,0"
h14,h37,"0,0,0,0,0,0,0,0,0,0,0,0,0,0,0"
h14,h38,"0,0,0,0,0,0,0,0,0,0,0,0,0,0,0"
h14,h39,"0,0,0,0,0,0,0,0,0,0,0,0,0,0,0"
h14,h40,"0,0,0,0,0,0,0,0,0,0,0,0,0,0,0"
h15,h2,"0,0,0,0,0,0,0,0,0,0,0,0,0,0,0"
h15,h3,"0,0,0,0,0,0,0,0,0,0,0,0,0,0,0"
h15,h4,"0,0,0,0,0,0,0,0,0,0,0,0,0,0,0"
h15,h5,"0,0,0,0,0,0,0,0,0,0,0,0,0,0,0"
h15,h6,"0,0,0,0,0,0,0,0,0,0,0,0,0,0,0"
h15,h7,"0,0,0,0,0,0,0,0,0,0,0,0,0,0,0"
h15,h8,"0,0,0,0,0,0,0,0,0,0,0,0,0,0,0"
h15,h9,"0,0,0,0,0,0,0,0,0,0,0,0,0,0,0"
h15,h16,"0,0,0,0,0,0,0,0,0,0,0,0,0,0,0"
h15,h17,"0,0,0,0,0,0,0,0,0,0,0,0,0,0,0"
h15,h18,"0,0,0,0,0,0,0,0,0,0,0,0,0,0,0"
h15,h19,"0,0,0,0,0,0,0,0,0,0,0,0,0,0,0"
h15,h20,"0,0,0,0,0,0,0,0,0,0,0,0,0,0,0"
h15,h21,"0,0,0,0,0,0,0,0,0,0,0,0,0,0,0"
h15,h22,"0,0,0,0,0,0,0,0,0,0,0,0,0,0,0"
h15,h23,"0,0,0,0,0,0,0,0,0,0,0,0,0,0,0"
h15,h24,"0,0,0,0,0,0,0,0,0,0,0,0,0,0,0"
h15,h25,"0,0,0,0,0,0,0,0,0,0,0,0,0,0,0"
h15,h26,"0,0,0,0,0,0,0,0,0,0,0,0,0,0,0"
h15,h27,"0,0,0,0,0,0,0,0,0,0,0,0,0,0,0"
h15,h28,"0,0,0,0,0,0,0,0,0,0,0,0,0,0,0"
h15,h29,"0,0,0,0,0,0,0,0,0,0,0,0,0,0,0"
h15,h30,"0,0,0,0,0,0,0,0,0,0,0,0,0,0,7"
h15,h31,"0,0,0,0,0,0,0,0,0,0,0,0,0,0,0"
h15,h32,"0,0,0,0,0,0,0,0,0,0,0,0,0,0,0"
h15,h33,"1,1,1,1,1,1,1,1,1,1,1,1,1,1,0"
h15,h34,"0,0,0,0,0,0,0,0,0,0,0,0,0,0,0"
h15,h35,"0,0,0,0,0,0,0,0,0,0,0,0,0,0,6"
h15,h36,"0,0,0,0,0,0,0,0,0,0,0,0,0,0,0"
h15,h37,"0,0,0,0,0,0,0,0,0,0,0,0,0,0,0"
h15,h38,"0,0,0,0,0,0,0,0,0,0,0,0,0,0,0"
h15,h39,"0,0,0,0,0,0,0,0,0,0,0,0,0,0,0"
h15,h40,"0,0,0,0,0,0,0,0,0,0,0,0,0,0,0"
h16,h2,"0,0,0,0,0,0,0,0,0,0,0,0,0,0,0"
h16,h3,"0,0,0,0,0,0,0,0,0,0,0,0,0,0,0"
h16,h4,"0,0,0,0,0,0,0,0,0,0,0,0,0,0,0"
h16,h5,"0,0,0,0,0,0,0,0,0,0,0,0,0,0,0"
h16,h6,"0,0,0,0,0,0,0,0,0,0,0,0,0,0,0"
h16,h7,"0,0,0,0,0,0,0,0,0,0,0,0,0,0,0"
h16,h8,"0,0,0,0,0,0,0,0,0,0,0,0,0,0,0"
h16,h9,"0,0,0,0,0,0,0,0,0,0,0,0,0,0,0"
h16,h17,"0,0,0,0,0,0,0,0,0,0,0,0,0,0,0"
h16,h18,"0,0,0,0,0,0,0,0,0,0,0,0,0,0,0"
h16,h19,"0,0,0,0,0,0,0,0,0,0,0,0,0,0,0"
h16,h20,"0,0,0,0,0,0,0,0,0,0,0,0,0,0,0"
h16,h21,"0,0,0,0,0,0,0,0,0,0,0,0,0,0,0"
h16,h22,"0,0,0,0,0,0,0,0,0,0,0,0,0,0,0"
h16,h23,"0,0,0,0,0,0,0,0,0,0,0,0,0,0,0"
h16,h24,"0,0,0,0,0,0,0,0,0,0,0,0,0,0,0"
h16,h25,"0,0,0,0,0,0,0,0,0,0,0,0,0,0,0"
h16,h26,"0,0,0,0,0,0,0,0,0,0,0,0,0,0,0"
h16,h27,"0,0,0,0,0,0,0,0,0,0,0,0,0,0,0"
h16,h28,"0,0,0,0,0,0,0,0,0,0,0,0,0,0,0"
h16,h29,"0,0,0,0,0,0,0,0,0,0,0,0,0,0,0"
h16,h30,"0,0,0,0,0,0,0,0,0,0,0,0,0,0,7"
h16,h31,"0,0,0,0,0,0,0,0,0,0,0,0,0,0,0"
h16,h32,"0,0,0,0,0,0,0,0,0,0,0,0,0,0,0"
h16,h33,"0,0,0,0,0,0,0,0,0,0,0,0,0,0,0"
h16,h34,"0,0,0,0,0,0,0,0,0,0,0,0,0,0,0"
h16,h35,"0,0,0,0,0,0,0,0,0,0,0,0,0,0,7"
h16,h36,"0,0,0,0,0,0,0,0,0,0,0,0,0,0,0"
h16,h37,"0,0,0,0,0,0,0,0,0,0,0,0,0,0,0"
h16,h38,"0,0,0,0,0,0,0,0,0,0,0,0,0,0,0"
h16,h39,"0,0,0,0,0,0,0,0,0,0,0,0,0,0,0"
h16,h40,"0,0,0,0,0,0,0,0,0,0,0,0,0,0,0"
h17,h2,"0,0,0,0,0,0,0,0,0,0,0,0,0,0,0"
h17,h3,"0,0,0,0,0,0,0,0,0,0,0,0,0,0,0"
h17,h4,"0,0,0,0,0,0,0,0,0,0,0,0,0,0,0"
h17,h5,"0,0,0,0,0,0,0,0,0,0,0,0,0,0,0"
h17,h6,"0,0,0,0,0,0,0,0,0,0,0,0,0,0,0"
h17,h7,"0,0,0,0,0,0,0,0,0,0,0,0,0,0,0"
h17,h8,"0,0,0,0,0,0,0,0,0,0,0,0,0,0,0"
h17,h9,"0,0,0,0,0,0,0,0,0,0,0,0,0,0,0"
h17,h18,"0,0,0,0,0,0,0,0,0,0,0,0,0,0,0"
h17,h19,"0,0,0,0,0,0,0,0,0,0,0,0,0,0,0"
h17,h20,"0,0,0,0,0,0,0,0,0,0,0,0,0,0,0"
h17,h21,"0,0,0,0,0,0,0,0,0,0,0,0,0,0,0"
h17,h22,"0,0,0,0,0,0,0,0,0,0,0,0,0,0,0"
h17,h23,"0,0,0,0,0,0,0,0,0,0,0,0,0,0,0"
h17,h24,"0,0,0,0,0,0,0,0,0,0,0,0,0,0,0"
h17,h25,"0,0,0,0,0,0,0,0,0,0,0,0,0,0,0"
h17,h26,"0,0,0,0,0,0,0,0,0,0,0,0,0,0,0"
h17,h27,"0,0,0,0,0,0,0,0,0,0,0,0,0,0,0"
h17,h28,"0,0,0,0,0,0,0,0,0,0,0,0,0,0,0"
h17,h29,"0,0,0,0,0,0,0,0,0,0,0,0,0,0,0"
h17,h30,"0,0,0,0,0,0,0,0,0,0,0,0,0,0,7"
h17,h31,"0,0,0,0,0,0,0,0,0,0,0,0,0,0,0"
h17,h32,"0,0,0,0,0,0,0,0,0,0,0,0,0,0,0"
h17,h33,"0,0,0,0,0,0,0,0,0,0,0,0,0,0,7"
h17,h34,"0,0,0,0,0,0,0,0,0,0,0,0,0,0,0"
h17,h35,"0,0,0,0,0,0,0,0,0,0,0,0,0,0,6"
h17,h36,"0,0,0,0,0,0,0,0,0,0,0,0,0,0,0"
h17,h37,"0,0,0,0,0,0,0,0,0,0,0,0,0,0,0"
h17,h38,"0,0,0,0,0,0,0,0,0,0,0,0,0,0,0"
h17,h39,"0,0,0,0,0,0,0,0,0,0,0,0,0,0,0"
h17,h40,"0,0,0,0,0,0,0,0,0,0,0,0,0,0,0"
h18,h2,"0,0,0,0,0,0,0,0,0,0,0,0,0,0,0"
h18,h3,"0,0,0,0,0,0,0,0,0,0,0,0,0,0,0"
h18,h4,"0,0,0,0,0,0,0,0,0,0,0,0,0,0,0"
h18,h5,"0,0,0,0,0,0,0,0,0,0,0,0,0,0,0"
h18,h6,"0,0,0,0,0,0,0,0,0,0,0,0,0,0,0"
h18,h7,"0,0,0,0,0,0,0,0,0,0,0,0,0,0,0"
h18,h8,"0,0,0,0,0,0,0,0,0,0,0,0,0,0,0"
h18,h9,"0,0,0,0,0,0,0,0,0,0,0,0,0,0,0"
h18,h19,"0,0,0,0,0,0,0,0,0,0,0,0,0,0,0"
h18,h20,"0,0,0,0,0,0,0,0,0,0,0,0,0,0,0"
h18,h21,"0,0,0,0,0,0,0,0,0,0,0,0,0,0,0"
h18,h22,"0,0,0,0,0,0,0,0,0,0,0,0,0,0,0"
h18,h23,"0,0,0,0,0,0,0,0,0,0,0,0,0,0,0"
h18,h24,"0,0,0,0,0,0,0,0,0,0,0,0,0,0,0"
h18,h25,"0,0,0,0,0,0,0,0,0,0,0,0,0,0,0"
h18,h26,"0,0,0,0,0,0,0,0,0,0,0,0,0,0,0"
h18,h27,"0,0,0,0,0,0,0,0,0,0,0,0,0,0,0"
h18,h28,"0,0,0,0,0,0,0,0,0,0,0,0,0,0,0"
h18,h29,"0,0,0,0,0,0,0,0,0,0,0,0,0,0,0"
h18,h30,"0,0,0,0,0,0,0,0,0,0,0,0,0,0,7"
h18,h31,"0,0,0,0,0,0,0,0,0,0,0,0,0,0,0"
h18,h32,"0,0,0,0,0,0,0,0,0,0,0,0,0,0,0"
h18,h33,"0,0,0,0,0,0,0,0,0,0,0,0,0,0,6"
h18,h34,"0,0,0,0,0,0,0,0,0,0,0,0,0,0,0"
h18,h35,"0,0,0,0,0,0,0,0,0,0,0,0,0,0,7"
h18,h36,"0,0,0,0,0,0,0,0,0,0,0,0,0,0,0"
h18,h37,"0,0,0,0,0,0,0,0,0,0,0,0,0,0,0"
h18,h38,"0,0,0,0,0,0,0,0,0,0,0,0,0,0,0"
h18,h39,"0,0,0,0,0,0,0,0,0,0,0,0,0,0,0"
h18,h40,"0,0,0,0,0,0,0,0,0,0,0,0,0,0,0"
h19,h2,"0,0,0,0,0,0,0,0,0,0,0,0,0,0,0"
h19,h3,"0,0,0,0,0,0,0,0,0,0,0,0,0,0,0"
h19,h4,"0,0,0,0,0,0,0,0,0,0,0,0,0,0,0"
h19,h5,"0,0,0,0,0,0,0,0,0,0,0,0,0,0,0"
h19,h6,"0,0,0,0,0,0,0,0,0,0,0,0,0,0,0"
h19,h7,"0,0,0,0,0,0,0,0,0,0,0,0,0,0,0"
h19,h8,"0,0,0,0,0,0,0,0,0,0,0,0,0,0,0"
h19,h9,"0,0,0,0,0,0,0,0,0,0,0,0,0,0,0"
h19,h20,"0,0,0,0,0,0,0,0,0,0,0,0,0,0,0"
h19,h21,"0,0,0,0,0,0,0,0,0,0,0,0,0,0,0"
h19,h22,"0,0,0,0,0,0,0,0,0,0,0,0,0,0,0"
h19,h23,"0,0,0,0,0,0,0,0,0,0,0,0,0,0,0"
h19,h24,"0,0,0,0,0,0,0,0,0,0,0,0,0,0,0"
h19,h25,"0,0,0,0,0,0,0,0,0,0,0,0,0,0,0"
h19,h26,"0,0,0,0,0,0,0,0,0,0,0,0,0,0,0"
h19,h27,"0,0,0,0,0,0,0,0,0,0,0,0,0,0,0"
h19,h28,"0,0,0,0,0,0,0,0,0,0,0,0,0,0,0"
h19,h29,"0,0,0,0,0,0,0,0,0,0,0,0,0,0,0"
h19,h30,"7,7,7,7,7,7,7,7,7,7,7,7,7,7,0"
h19,h31,"0,0,0,0,0,0,0,0,0,0,0,0,0,0,0"
h19,h32,"0,0,0,0,0,0,0,0,0,0,0,0,0,0,0"
h19,h33,"0,0,0,0,0,0,0,0,0,0,0,0,0,0,7"
h19,h34,"0,0,0,0,0,0,0,0,0,0,0,0,0,0,0"
h19,h35,"0,0,0,0,0,0,0,0,0,0,0,0,0,0,7"
h19,h36,"0,0,0,0,0,0,0,0,0,0,0,0,0,0,0"
h19,h37,"0,0,0,0,0,0,0,0,0,0,0,0,0,0,0"
h19,h38,"0,0,0,0,0,0,0,0,0,0,0,0,0,0,0"
h19,h39,"0,0,0,0,0,0,0,0,0,0,0,0,0,0,0"
h19,h40,"0,0,0,0,0,0,0,0,0,0,0,0,0,0,0"
h20,h3,"0,0,0,0,0,0,0,0,0,0,0,0,0,0,0"
h20,h4,"0,0,0,0,0,0,0,0,0,0,0,0,0,0,0"
h20,h5,"0,0,0,0,0,0,0,0,0,0,0,0,0,0,0"
h20,h6,"0,0,0,0,0,0,0,0,0,0,0,0,0,0,0"
h20,h7,"0,0,0,0,0,0,0,0,0,0,0,0,0,0,0"
h20,h8,"0,0,0,0,0,0,0,0,0,0,0,0,0,0,0"
h20,h9,"0,0,0,0,0,0,0,0,0,0,0,0,0,0,0"
h20,h21,"0,0,0,0,0,0,0,0,0,0,0,0,0,0,0"
h20,h22,"0,0,0,0,0,0,0,0,0,0,0,0,0,0,0"
h20,h23,"0,0,0,0,0,0,0,0,0,0,0,0,0,0,0"
h20,h24,"0,0,0,0,0,0,0,0,0,0,0,0,0,0,0"
h20,h25,"0,0,0,0,0,0,0,0,0,0,0,0,0,0,0"
h20,h26,"0,0,0,0,0,0,0,0,0,0,0,0,0,0,0"
h20,h27,"0,0,0,0,0,0,0,0,0,0,0,0,0,0,0"
h20,h28,"0,0,0,0,0,0,0,0,0,0,0,0,0,0,0"
h20,h29,"0,0,0,0,0,0,0,0,0,0,0,0,0,0,0"
h20,h30,"6,6,6,6,6,6,6,6,6,6,6,6,6,6,0"
h20,h31,"0,0,0,0,0,0,0,0,0,0,0,0,0,0,0"
h20,h32,"0,0,0,0,0,0,0,0,0,0,0,0,0,0,0"
h20,h33,"0,0,0,0,0,0,0,0,0,0,0,0,0,0,0"
h20,h34,"0,0,0,0,0,0,0,0,0,0,0,0,0,0,0"
h20,h35,"0,0,0,0,0,0,0,0,0,0,0,0,0,0,7"
h20,h36,"0,0,0,0,0,0,0,0,0,0,0,0,0,0,0"
h20,h37,"0,0,0,0,0,0,0,0,0,0,0,0,0,0,0"
h20,h38,"0,0,0,0,0,0,0,0,0,0,0,0,0,0,0"
h20,h39,"0,0,0,0,0,0,0,0,0,0,0,0,0,0,0"
h20,h40,"0,0,0,0,0,0,0,0,0,0,0,0,0,0,0"
h21,h3,"0,0,0,0,0,0,0,0,0,0,0,0,0,0,0"
h21,h4,"0,0,0,0,0,0,0,0,0,0,0,0,0,0,0"
h21,h5,"0,0,0,0,0,0,0,0,0,0,0,0,0,0,0"
h21,h6,"0,0,0,0,0,0,0,0,0,0,0,0,0,0,0"
h21,h7,"0,0,0,0,0,0,0,0,0,0,0,0,0,0,0"
h21,h8,"0,0,0,0,0,0,0,0,0,0,0,0,0,0,0"
h21,h9,"0,0,0,0,0,0,0,0,0,0,0,0,0,0,0"
h21,h22,"0,0,0,0,0,0,0,0,0,0,0,0,0,0,0"
h21,h23,"0,0,0,0,0,0,0,0,0,0,0,0,0,0,0"
h21,h24,"0,0,0,0,0,0,0,0,0,0,0,0,0,0,0"
h21,h25,"0,0,0,0,0,0,0,0,0,0,0,0,0,0,0"
h21,h26,"0,0,0,0,0,0,0,0,0,0,0,0,0,0,0"
h21,h27,"0,0,0,0,0,0,0,0,0,0,0,0,0,0,0"
h21,h28,"0,0,0,0,0,0,0,0,0,0,0,0,0,0,0"
h21,h29,"0,0,0,0,0,0,0,0,0,0,0,0,0,0,0"
h21,h30,"0,0,0,0,0,0,0,0,0,0,0,0,0,0,7"
h21,h31,"0,0,0,0,0,0,0,0,0,0,0,0,0,0,0"
h21,h32,"0,0,0,0,0,0,0,0,0,0,0,0,0,0,0"
h21,h33,"0,0,0,0,0,0,0,0,0,0,0,0,0,0,6"
h21,h34,"0,0,0,0,0,0,0,0,0,0,0,0,0,0,0"
h21,h35,"0,0,0,0,0,0,0,0,0,0,0,0,0,0,6"
h21,h36,"0,0,0,0,0,0,0,0,0,0,0,0,0,0,0"
h21,h37,"0,0,0,0,0,0,0,0,0,0,0,0,0,0,0"
h21,h38,"0,0,0,0,0,0,0,0,0,0,0,0,0,0,0"
h21,h39,"0,0,0,0,0,0,0,0,0,0,0,0,0,0,0"
h21,h40,"0,0,0,0,0,0,0,0,0,0,0,0,0,0,0"
h22,h3,"0,0,0,0,0,0,0,0,0,0,0,0,0,0,0"
h22,h4,"0,0,0,0,0,0,0,0,0,0,0,0,0,0,0"
h22,h5,"0,0,0,0,0,0,0,0,0,0,0,0,0,0,0"
h22,h6,"0,0,0,0,0,0,0,0,0,0,0,0,0,0,0"
h22,h7,"0,0,0,0,0,0,0,0,0,0,0,0,0,0,0"
h22,h8,"0,0,0,0,0,0,0,0,0,0,0,0,0,0,0"
h22,h9,"0,0,0,0,0,0,0,0,0,0,0,0,0,0,0"
h22,h23,"0,0,0,0,0,0,0,0,0,0,0,0,0,0,0"
h22,h24,"0,0,0,0,0,0,0,0,0,0,0,0,0,0,0"
h22,h25,"0,0,0,0,0,0,0,0,0,0,0,0,0,0,0"
h22,h26,"0,0,0,0,0,0,0,0,0,0,0,0,0,0,0"
h22,h27,"0,0,0,0,0,0,0,0,0,0,0,0,0,0,0"
h22,h28,"0,0,0,0,0,0,0,0,0,0,0,0,0,0,0"
h22,h29,"0,0,0,0,0,0,0,0,0,0,0,0,0,0,0"
h22,h30,"0,0,0,0,0,0,0,0,0,0,0,0,0,0,0"
h22,h31,"0,0,0,0,0,0,0,0,0,0,0,0,0,0,0"
h22,h32,"0,0,0,0,0,0,0,0,0,0,0,0,0,0,0"
h22,h33,"0,0,0,0,0,0,0,0,0,0,0,0,0,0,6"
h22,h34,"0,0,0,0,0,0,0,0,0,0,0,0,0,0,0"
h22,h35,"0,0,0,0,0,0,0,0,0,0,0,0,0,0,6"
h22,h36,"0,0,0,0,0,0,0,0,0,0,0,0,0,0,0"
h22,h37,"0,0,0,0,0,0,0,0,0,0,0,0,0,0,0"
h22,h38,"0,0,0,0,0,0,0,0,0,0,0,0,0,0,0"
h22,h39,"0,0,0,0,0,0,0,0,0,0,0,0,0,0,0"
h22,h40,"0,0,0,0,0,0,0,0,0,0,0,0,0,0,0"
h23,h3,"0,0,0,0,0,0,0,0,0,0,0,0,0,0,0"
h23,h4,"0,0,0,0,0,0,0,0,0,0,0,0,0,0,0"
h23,h5,"0,0,0,0,0,0,0,0,0,0,0,0,0,0,0"
h23,h6,"0,0,0,0,0,0,0,0,0,0,0,0,0,0,0"
h23,h7,"0,0,0,0,0,0,0,0,0,0,0,0,0,0,0"
h23,h8,"0,0,0,0,0,0,0,0,0,0,0,0,0,0,0"
h23,h9,"0,0,0,0,0,0,0,0,0,0,0,0,0,0,0"
h23,h24,"0,0,0,0,0,0,0,0,0,0,0,0,0,0,0"
h23,h25,"0,0,0,0,0,0,0,0,0,0,0,0,0,0,0"
h23,h26,"0,0,0,0,0,0,0,0,0,0,0,0,0,0,0"
h23,h27,"0,0,0,0,0,0,0,0,0,0,0,0,0,0,0"
h23,h28,"0,0,0,0,0,0,0,0,0,0,0,0,0,0,0"
h23,h29,"0,0,0,0,0,0,0,0,0,0,0,0,0,0,0"
h23,h30,"0,0,0,0,0,0,0,0,0,0,0,0,0,0,0"
h23,h31,"0,0,0,0,0,0,0,0,0,0,0,0,0,0,0"
h23,h32,"0,0,0,0,0,0,0,0,0,0,0,0,0,0,0"
h23,h33,"0,0,0,0,0,0,0,0,0,0,0,0,0,0,7"
h23,h34,"0,0,0,0,0,0,0,0,0,0,0,0,0,0,0"
h23,h35,"2,2,2,2,2,2,2,2,2,2,2,2,2,2,0"
h23,h36,"0,0,0,0,0,0,0,0,0,0,0,0,0,0,0"
h23,h37,"0,0,0,0,0,0,0,0,0,0,0,0,0,0,0"
h23,h38,"0,0,0,0,0,0,0,0,0,0,0,0,0,0,0"
h23,h39,"0,0,0,0,0,0,0,0,0,0,0,0,0,0,0"
h23,h40,"0,0,0,0,0,0,0,0,0,0,0,0,0,0,0"
h24,h3,"0,0,0,0,0,0,0,0,0,0,0,0,0,0,0"
h24,h4,"0,0,0,0,0,0,0,0,0,0,0,0,0,0,0"
h24,h5,"0,0,0,0,0,0,0,0,0,0,0,0,0,0,0"
h24,h6,"0,0,0,0,0,0,0,0,0,0,0,0,0,0,0"
h24,h7,"0,0,0,0,0,0,0,0,0,0,0,0,0,0,0"
h24,h8,"0,0,0,0,0,0,0,0,0,0,0,0,0,0,0"
h24,h9,"0,0,0,0,0,0,0,0,0,0,0,0,0,0,0"
h24,h25,"0,0,0,0,0,0,0,0,0,0,0,0,0,0,0"
h24,h26,"0,0,0,0,0,0,0,0,0,0,0,0,0,0,0"
h24,h27,"0,0,0,0,0,0,0,0,0,0,0,0,0,0,0"
h24,h28,"0,0,0,0,0,0,0,0,0,0,0,0,0,0,0"
h24,h29,"0,0,0,0,0,0,0,0,0,0,0,0,0,0,0"
h24,h30,"0,0,0,0,0,0,0,0,0,0,0,0,0,0,0"
h24,h31,"0,0,0,0,0,0,0,0,0,0,0,0,0,0,0"
h24,h32,"0,0,0,0,0,0,0,0,0,0,0,0,0,0,0"
h24,h33,"0,0,0,0,0,0,0,0,0,0,0,0,0,0,7"
h24,h34,"0,0,0,0,0,0,0,0,0,0,0,0,0,0,0"
h24,h35,"0,0,0,0,0,0,0,0,0,0,0,0,0,0,6"
h24,h36,"0,0,0,0,0,0,0,0,0,0,0,0,0,0,0"
h24,h37,"0,0,0,0,0,0,0,0,0,0,0,0,0,0,0"
h24,h38,"0,0,0,0,0,0,0,0,0,0,0,0,0,0,0"
h24,h39,"0,0,0,0,0,0,0,0,0,0,0,0,0,0,0"
h24,h40,"0,0,0,0,0,0,0,0,0,0,0,0,0,0,0"
h25,h3,"0,0,0,0,0,0,0,0,0,0,0,0,0,0,0"
h25,h4,"0,0,0,0,0,0,0,0,0,0,0,0,0,0,0"
h25,h5,"0,0,0,0,0,0,0,0,0,0,0,0,0,0,0"
h25,h6,"0,0,0,0,0,0,0,0,0,0,0,0,0,0,0"
h25,h7,"0,0,0,0,0,0,0,0,0,0,0,0,0,0,0"
h25,h8,"0,0,0,0,0,0,0,0,0,0,0,0,0,0,0"
h25,h9,"0,0,0,0,0,0,0,0,0,0,0,0,0,0,0"
h25,h26,"0,0,0,0,0,0,0,0,0,0,0,0,0,0,0"
h25,h27,"0,0,0,0,0,0,0,0,0,0,0,0,0,0,0"
h25,h28,"0,0,0,0,0,0,0,0,0,0,0,0,0,0,0"
h25,h29,"0,0,0,0,0,0,0,0,0,0,0,0,0,0,0"
h25,h30,"0,0,0,0,0,0,0,0,0,0,0,0,0,0,0"
h25,h31,"0,0,0,0,0,0,0,0,0,0,0,0,0,0,0"
h25,h32,"0,0,0,0,0,0,0,0,0,0,0,0,0,0,0"
h25,h33,"0,0,0,0,0,0,0,0,0,0,0,0,0,0,7"
h25,h34,"0,0,0,0,0,0,0,0,0,0,0,0,0,0,0"
h25,h35,"0,0,0,0,0,0,0,0,0,0,0,0,0,0,6"
h25,h36,"0,0,0,0,0,0,0,0,0,0,0,0,0,0,0"
h25,h37,"0,0,0,0,0,0,0,0,0,0,0,0,0,0,0"
h25,h38,"0,0,0,0,0,0,0,0,0,0,0,0,0,0,0"
h25,h39,"0,0,0,0,0,0,0,0,0,0,0,0,0,0,0"
h25,h40,"0,0,0,0,0,0,0,0,0,0,0,0,0,0,0"
h26,h3,"0,0,0,0,0,0,0,0,0,0,0,0,0,0,0"
h26,h4,"0,0,0,0,0,0,0,0,0,0,0,0,0,0,0"
h26,h5,"0,0,0,0,0,0,0,0,0,0,0,0,0,0,0"
h26,h6,"0,0,0,0,0,0,0,0,0,0,0,0,0,0,0"
h26,h7,"0,0,0,0,0,0,0,0,0,0,0,0,0,0,0"
h26,h8,"0,0,0,0,0,0,0,0,0,0,0,0,0,0,0"
h26,h9,"0,0,0,0,0,0,0,0,0,0,0,0,0,0,0"
h26,h27,"0,0,0,0,0,0,0,0,0,0,0,0,0,0,0"
h26,h28,"0,0,0,0,0,0,0,0,0,0,0,0,0,0,0"
h26,h29,"0,0,0,0,0,0,0,0,0,0,0,0,0,0,0"
h26,h30,"0,0,0,0,0,0,0,0,0,0,0,0,0,0,0"
h26,h31,"0,0,0,0,0,0,0,0,0,0,0,0,0,0,0"
h26,h32,"0,0,0,0,0,0,0,0,0,0,0,0,0,0,0"
h26,h33,"0,0,0,0,0,0,0,0,0,0,0,0,0,0,0"
h26,h34,"0,0,0,0,0,0,0,0,0,0,0,0,0,0,0"
h26,h35,"0,0,0,0,0,0,0,0,0,0,0,0,0,0,7"
h26,h36,"0,0,0,0,0,0,0,0,0,0,0,0,0,0,0"
h26,h37,"0,0,0,0,0,0,0,0,0,0,0,0,0,0,0"
h26,h38,"0,0,0,0,0,0,0,0,0,0,0,0,0,0,0"
h26,h39,"0,0,0,0,0,0,0,0,0,0,0,0,0,0,0"
h26,h40,"0,0,0,0,0,0,0,0,0,0,0,0,0,0,0"
h27,h3,"0,0,0,0,0,0,0,0,0,0,0,0,0,0,0"
h27,h4,"0,0,0,0,0,0,0,0,0,0,0,0,0,0,0"
h27,h5,"0,0,0,0,0,0,0,0,0,0,0,0,0,0,0"
h27,h6,"0,0,0,0,0,0,0,0,0,0,0,0,0,0,0"
h27,h7,"0,0,0,0,0,0,0,0,0,0,0,0,0,0,0"
h27,h8,"0,0,0,0,0,0,0,0,0,0,0,0,0,0,0"
h27,h9,"0,0,0,0,0,0,0,0,0,0,0,0,0,0,0"
h27,h28,"0,0,0,0,0,0,0,0,0,0,0,0,0,0,0"
h27,h29,"0,0,0,0,0,0,0,0,0,0,0,0,0,0,0"
h27,h30,"0,0,0,0,0,0,0,0,0,0,0,0,0,0,0"
h27,h31,"0,0,0,0,0,0,0,0,0,0,0,0,0,0,0"
h27,h32,"0,0,0,0,0,0,0,0,0,0,0,0,0,0,0"
h27,h33,"0,0,0,0,0,0,0,0,0,0,0,0,0,0,0"
h27,h34,"0,0,0,0,0,0,0,0,0,0,0,0,0,0,0"
h27,h35,"0,0,0,0,0,0,0,0,0,0,0,0,0,0,6"
h27,h36,"0,0,0,0,0,0,0,0,0,0,0,0,0,0,0"
h27,h37,"0,0,0,0,0,0,0,0,0,0,0,0,0,0,0"
h27,h38,"0,0,0,0,0,0,0,0,0,0,0,0,0,0,0"
h27,h39,"0,0,0,0,0,0,0,0,0,0,0,0,0,0,0"
h27,h40,"0,0,0,0,0,0,0,0,0,0,0,0,0,0,0"
h28,h3,"0,0,0,0,0,0,0,0,0,0,0,0,0,0,0"
h28,h4,"0,0,0,0,0,0,0,0,0,0,0,0,0,0,0"
h28,h5,"0,0,0,0,0,0,0,0,0,0,0,0,0,0,0"
h28,h6,"0,0,0,0,0,0,0,0,0,0,0,0,0,0,0"
h28,h7,"0,0,0,0,0,0,0,0,0,0,0,0,0,0,0"
h28,h8,"0,0,0,0,0,0,0,0,0,0,0,0,0,0,0"
h28,h9,"0,0,0,0,0,0,0,0,0,0,0,0,0,0,0"
h28,h29,"0,0,0,0,0,0,0,0,0,0,0,0,0,0,0"
h28,h30,"0,0,0,0,0,0,0,0,0,0,0,0,0,0,0"
h28,h31,"0,0,0,0,0,0,0,0,0,0,0,0,0,0,0"
h28,h32,"0,0,0,0,0,0,0,0,0,0,0,0,0,0,0"
h28,h33,"0,0,0,0,0,0,0,0,0,0,0,0,0,0,0"
h28,h34,"0,0,0,0,0,0,0,0,0,0,0,0,0,0,0"
h28,h35,"0,0,0,0,0,0,0,0,0,0,0,0,0,0,1"
h28,h36,"0,0,0,0,0,0,0,0,0,0,0,0,0,0,0"
h28,h37,"0,0,0,0,0,0,0,0,0,0,0,0,0,0,0"
h28,h38,"0,0,0,0,0,0,0,0,0,0,0,0,0,0,0"
h28,h39,"0,0,0,0,0,0,0,0,0,0,0,0,0,0,0"
h28,h40,"0,0,0,0,0,0,0,0,0,0,0,0,0,0,0"
h29,h3,"0,0,0,0,0,0,0,0,0,0,0,0,0,0,0"
h29,h4,"0,0,0,0,0,0,0,0,0,0,0,0,0,0,0"
h29,h5,"0,0,0,0,0,0,0,0,0,0,0,0,0,0,0"
h29,h6,"0,0,0,0,0,0,0,0,0,0,0,0,0,0,0"
h29,h7,"0,0,0,0,0,0,0,0,0,0,0,0,0,0,0"
h29,h8,"0,0,0,0,0,0,0,0,0,0,0,0,0,0,0"
h29,h9,"0,0,0,0,0,0,0,0,0,0,0,0,0,0,0"
h29,h30,"0,0,0,0,0,0,0,0,0,0,0,0,0,0,0"
h29,h31,"0,0,0,0,0,0,0,0,0,0,0,0,0,0,0"
h29,h32,"0,0,0,0,0,0,0,0,0,0,0,0,0,0,0"
h29,h33,"0,0,0,0,0,0,0,0,0,0,0,0,0,0,0"
h29,h34,"0,0,0,0,0,0,0,0,0,0,0,0,0,0,0"
h29,h35,"0,0,0,0,0,0,0,0,0,0,0,0,0,0,1"
h29,h36,"0,0,0,0,0,0,0,0,0,0,0,0,0,0,0"
h29,h37,"0,0,0,0,0,0,0,0,0,0,0,0,0,0,0"
h29,h38,"0,0,0,0,0,0,0,0,0,0,0,0,0,0,0"
h29,h39,"0,0,0,0,0,0,0,0,0,0,0,0,0,0,0"
h29,h40,"0,0,0,0,0,0,0,0,0,0,0,0,0,0,0"
h30,h4,"0,0,0,0,0,0,0,0,0,0,0,0,0,0,0"
h30,h5,"0,0,0,0,0,0,0,0,0,0,0,0,0,0,0"
h30,h6,"0,0,0,0,0,0,0,0,0,0,0,0,0,0,0"
h30,h7,"0,0,0,0,0,0,0,0,0,0,0,0,0,0,0"
h30,h8,"0,0,0,0,0,0,0,0,0,0,0,0,0,0,0"
h30,h9,"0,0,0,0,0,0,0,0,0,0,0,0,0,0,6"
h30,h31,"0,0,0,0,0,0,0,0,0,0,0,0,0,0,0"
h30,h32,"0,0,0,0,0,0,0,0,0,0,0,0,0,0,0"
h30,h33,"0,0,0,0,0,0,0,0,0,0,0,0,0,0,0"
h30,h34,"0,0,0,0,0,0,0,0,0,0,0,0,0,0,0"
h30,h35,"0,0,0,0,0,0,0,0,0,0,0,0,0,0,1"
h30,h36,"0,0,0,0,0,0,0,0,0,0,0,0,0,0,0"
h30,h37,"0,0,0,0,0,0,0,0,0,0,0,0,0,0,0"
h30,h38,"0,0,0,0,0,0,0,0,0,0,0,0,0,0,0"
h30,h39,"0,0,0,0,0,0,0,0,0,0,0,0,0,0,1"
h30,h40,"0,0,0,0,0,0,0,0,0,0,0,0,0,0,1"
h31,h4,"0,0,0,0,0,0,0,0,0,0,0,0,0,0,0"
h31,h5,"0,0,0,0,0,0,0,0,0,0,0,0,0,0,0"
h31,h6,"0,0,0,0,0,0,0,0,0,0,0,0,0,0,0"
h31,h7,"0,0,0,0,0,0,0,0,0,0,0,0,0,0,0"
h31,h8,"0,0,0,0,0,0,0,0,0,0,0,0,0,0,0"
h31,h9,"0,0,0,0,0,0,0,0,0,0,0,0,0,0,0"
h31,h32,"0,0,0,0,0,0,0,0,0,0,0,0,0,0,0"
h31,h33,"0,0,0,0,0,0,0,0,0,0,0,0,0,0,0"
h31,h34,"0,0,0,0,0,0,0,0,0,0,0,0,0,0,0"
h31,h35,"0,0,0,0,0,0,0,0,0,0,0,0,0,0,1"
h31,h36,"0,0,0,0,0,0,0,0,0,0,0,0,0,0,0"
h31,h37,"0,0,0,0,0,0,0,0,0,0,0,0,0,0,0"
h31,h38,"0,0,0,0,0,0,0,0,0,0,0,0,0,0,0"
h31,h39,"0,0,0,0,0,0,0,0,0,0,0,0,0,0,0"
h31,h40,"0,0,0,0,0,0,0,0,0,0,0,0,0,0,0"
h32,h4,"0,0,0,0,0,0,0,0,0,0,0,0,0,0,0"
h32,h5,"0,0,0,0,0,0,0,0,0,0,0,0,0,0,0"
h32,h6,"0,0,0,0,0,0,0,0,0,0,0,0,0,0,0"
h32,h7,"0,0,0,0,0,0,0,0,0,0,0,0,0,0,0"
h32,h8,"0,0,0,0,0,0,0,0,0,0,0,0,0,0,0"
h32,h9,"0,0,0,0,0,0,0,0,0,0,0,0,0,0,0"
h32,h33,"0,0,0,0,0,0,0,0,0,0,0,0,0,0,0"
h32,h34,"0,0,0,0,0,0,0,0,0,0,0,0,0,0,0"
h32,h35,"0,0,0,0,0,0,0,0,0,0,0,0,0,0,1"
h32,h36,"0,0,0,0,0,0,0,0,0,0,0,0,0,0,0"
h32,h37,"0,0,0,0,0,0,0,0,0,0,0,0,0,0,0"
h32,h38,"0,0,0,0,0,0,0,0,0,0,0,0,0,0,0"
h32,h39,"0,0,0,0,0,0,0,0,0,0,0,0,0,0,0"
h32,h40,"0,0,0,0,0,0,0,0,0,0,0,0,0,0,0"
h33,h4,"0,0,0,0,0,0,0,0,0,0,0,0,0,0,7"
h33,h5,"0,0,0,0,0,0,0,0,0,0,0,0,0,0,7"
h33,h6,"0,0,0,0,0,0,0,0,0,0,0,0,0,0,7"
h33,h7,"0,0,0,0,0,0,0,0,0,0,0,0,0,0,0"
h33,h8,"0,0,0,0,0,0,0,0,0,0,0,0,0,0,0"
h33,h9,"0,0,0,0,0,0,0,0,0,0,0,0,0,0,7"
h33,h34,"0,0,0,0,0,0,0,0,0,0,0,0,0,0,0"
h33,h35,"0,0,0,0,0,0,0,0,0,0,0,0,0,0,1"
h33,h36,"0,0,0,0,0,0,0,0,0,0,0,0,0,0,0"
h33,h37,"0,0,0,0,0,0,0,0,0,0,0,0,0,0,0"
h33,h38,"0,0,0,0,0,0,0,0,0,0,0,0,0,0,0"
h33,h39,"0,0,0,0,0,0,0,0,0,0,0,0,0,0,1"
h33,h40,"0,0,0,0,0,0,0,0,0,0,0,0,0,0,1"
h34,h4,"0,0,0,0,0,0,0,0,0,0,0,0,0,0,0"
h34,h5,"0,0,0,0,0,0,0,0,0,0,0,0,0,0,0"
h34,h6,"0,0,0,0,0,0,0,0,0,0,0,0,0,0,0"
h34,h7,"0,0,0,0,0,0,0,0,0,0,0,0,0,0,0"
h34,h8,"0,0,0,0,0,0,0,0,0,0,0,0,0,0,0"
h34,h9,"0,0,0,0,0,0,0,0,0,0,0,0,0,0,0"
h34,h35,"0,0,0,0,0,0,0,0,0,0,0,0,0,0,0"
h34,h36,"0,0,0,0,0,0,0,0,0,0,0,0,0,0,0"
h34,h37,"0,0,0,0,0,0,0,0,0,0,0,0,0,0,0"
h34,h38,"0,0,0,0,0,0,0,0,0,0,0,0,0,0,0"
h34,h39,"0,0,0,0,0,0,0,0,0,0,0,0,0,0,0"
h34,h40,"0,0,0,0,0,0,0,0,0,0,0,0,0,0,0"
h35,h4,"0,0,0,0,0,0,0,0,0,0,0,0,0,0,7"
h35,h5,"0,0,0,0,0,0,0,0,0,0,0,0,0,0,6"
h35,h6,"0,0,0,0,0,0,0,0,0,0,0,0,0,0,7"
h35,h7,"0,0,0,0,0,0,0,0,0,0,0,0,0,0,0"
h35,h8,"0,0,0,0,0,0,0,0,0,0,0,0,0,0,0"
h35,h9,"0,0,0,0,0,0,0,0,0,0,0,0,0,0,7"
h35,h36,"0,0,0,0,0,0,0,0,0,0,0,0,0,0,0"
h35,h37,"0,0,0,0,0,0,0,0,0,0,0,0,0,0,0"
h35,h38,"0,0,0,0,0,0,0,0,0,0,0,0,0,0,0"
h35,h39,"0,0,0,0,0,0,0,0,0,0,0,0,0,0,0"
h35,h40,"0,0,0,0,0,0,0,0,0,0,0,0,0,0,0"
h36,h4,"0,0,0,0,0,0,0,0,0,0,0,0,0,0,0"
h36,h5,"0,0,0,0,0,0,0,0,0,0,0,0,0,0,0"
h36,h6,"0,0,0,0,0,0,0,0,0,0,0,0,0,0,0"
h36,h7,"0,0,0,0,0,0,0,0,0,0,0,0,0,0,0"
h36,h8,"0,0,0,0,0,0,0,0,0,0,0,0,0,0,0"
h36,h9,"0,0,0,0,0,0,0,0,0,0,0,0,0,0,0"
h36,h37,"0,0,0,0,0,0,0,0,0,0,0,0,0,0,0"
h36,h38,"0,0,0,0,0,0,0,0,0,0,0,0,0,0,0"
h36,h39,"0,0,0,0,0,0,0,0,0,0,0,0,0,0,0"
h36,h40,"0,0,0,0,0,0,0,0,0,0,0,0,0,0,0"
h37,h4,"0,0,0,0,0,0,0,0,0,0,0,0,0,0,0"
h37,h5,"0,0,0,0,0,0,0,0,0,0,0,0,0,0,0"
h37,h6,"0,0,0,0,0,0,0,0,0,0,0,0,0,0,0"
h37,h7,"0,0,0,0,0,0,0,0,0,0,0,0,0,0,0"
h37,h8,"0,0,0,0,0,0,0,0,0,0,0,0,0,0,0"
h37,h9,"0,0,0,0,0,0,0,0,0,0,0,0,0,0,0"
h37,h38,"0,0,0,0,0,0,0,0,0,0,0,0,0,0,0"
h37,h39,"0,0,0,0,0,0,0,0,0,0,0,0,0,0,0"
h37,h40,"0,0,0,0,0,0,0,0,0,0,0,0,0,0,0"
h38,h4,"0,0,0,0,0,0,0,0,0,0,0,0,0,0,0"
h38,h5,"0,0,0,0,0,0,0,0,0,0,0,0,0,0,0"
h38,h6,"0,0,0,0,0,0,0,0,0,0,0,0,0,0,0"
h38,h7,"0,0,0,0,0,0,0,0,0,0,0,0,0,0,0"
h38,h8,"0,0,0,0,0,0,0,0,0,0,0,0,0,0,0"
h38,h9,"0,0,0,0,0,0,0,0,0,0,0,0,0,0,0"
h38,h39,"0,0,0,0,0,0,0,0,0,0,0,0,0,0,0"
h38,h40,"0,0,0,0,0,0,0,0,0,0,0,0,0,0,0"
h39,h4,"0,0,0,0,0,0,0,0,0,0,0,0,0,0,0"
h39,h5,"0,0,0,0,0,0,0,0,0,0,0,0,0,0,0"
h39,h6,"0,0,0,0,0,0,0,0,0,0,0,0,0,0,0"
h39,h7,"0,0,0,0,0,0,0,0,0,0,0,0,0,0,0"
h39,h8,"0,0,0,0,0,0,0,0,0,0,0,0,0,0,0"
h39,h9,"0,0,0,0,0,0,0,0,0,0,0,0,0,0,0"
h39,h40,"0,0,0,0,0,0,0,0,0,0,0,0,0,0,0"
h40,h5,"0,0,0,0,0,0,0,0,0,0,0,0,0,0,0"
h40,h6,"0,0,0,0,0,0,0,0,0,0,0,0,0,0,0"
h40,h7,"0,0,0,0,0,0,0,0,0,0,0,0,0,0,0"
h40,h8,"0,0,0,0,0,0,0,0,0,0,0,0,0,0,0"
h40,h9,"0,0,0,0,0,0,0,0,0,0,0,0,0,0,0"
