timestamp,link_id,rx_packets,tx_packets,rx_bytes,tx_bytes,rx_mbps,tx_mbps,rx_pps,tx_pps
2026-04-24T16:57:01.271764,of:0000000000000008:1 -> of:000000000000000b:6,506797,506797,648805669,648805669,0.002,0.002,1.4,1.4
2026-04-24T16:57:01.271764,of:0000000000000003:2 -> of:0000000000000008:3,171286,171286,148806660,148806660,0.002,0.002,1.4,1.4
2026-04-24T16:57:01.271764,of:0000000000000002:2 -> of:0000000000000008:2,558862,558862,726026663,726026663,0.002,0.002,1.4,1.4
2026-04-24T16:57:01.271764,of:0000000000000007:1 -> of:000000000000000d:5,2544986,2544986,3681004073,3681004073,0.002,0.002,1.4,1.4
2026-04-24T16:57:01.271764,of:0000000000000007:2 -> of:000000000000000a:3,763741,763741,1030468301,1030468301,0.002,0.002,1.4,1.4
2026-04-24T16:57:01.271764,of:0000000000000003:1 -> of:000000000000000b:5,174113,174113,150556696,150556696,0.002,0.002,1.4,1.4
2026-04-24T16:57:01.271764,of:0000000000000006:1 -> of:000000000000000d:4,113999,113999,60900424,60900424,0.002,0.002,1.4,1.4
2026-04-24T16:57:01.271764,of:0000000000000006:2 -> of:000000000000000a:2,112009,112009,60179637,60179637,0.002,0.002,1.4,1.4
2026-04-24T16:57:01.271764,of:0000000000000001:3 -> of:000000000000000d:1,200499,200499,189774997,189774997,0.002,0.002,1.4,1.4
2026-04-24T16:57:01.271764,of:0000000000000002:1 -> of:000000000000000b:4,2759551,2759551,4001999429,4001999429,0.002,0.002,1.4,1.4
2026-04-24T16:57:01.271764,of:0000000000000001:2 -> of:000000000000000c:1,125348,125348,78039872,78039872,0.002,0.002,1.4,1.4
2026-04-24T16:57:01.271764,of:0000000000000001:1 -> of:000000000000000b:1,200548,200548,191623194,191623194,0.002,0.002,1.4,1.4
2026-04-24T16:57:01.271764,of:0000000000000004:1 -> of:000000000000000c:4,121561,121561,73146868,73146868,0.002,0.002,1.4,1.4
2026-04-24T16:57:01.271764,of:0000000000000005:1 -> of:000000000000000c:5,121888,121888,73501247,73501247,0.002,0.002,1.4,1.4
2026-04-24T16:57:01.271764,of:000000000000000a:1 -> of:000000000000000d:6,760816,760816,1026662775,1026662775,0.002,0.002,1.4,1.4
2026-04-24T16:57:01.271764,of:000000000000000b:2 -> of:000000000000000c:2,1140099,1140099,652953552,652953552,0.002,0.002,1.4,1.4
2026-04-24T16:57:01.271764,of:000000000000000c:3 -> of:000000000000000d:3,1136617,1136617,645828868,645828868,0.002,0.002,1.4,1.4
2026-04-24T16:57:01.271764,of:0000000000000005:2 -> of:0000000000000009:3,118588,118588,70050723,70050723,0.002,0.002,1.4,1.4
2026-04-24T16:57:01.271764,of:000000000000000b:3 -> of:000000000000000d:2,3456295,3456295,4102776918,4102776918,0.002,0.002,1.4,1.4
2026-04-24T16:57:01.271764,of:0000000000000009:1 -> of:000000000000000c:6,123480,123480,78077950,78077950,0.002,0.002,1.4,1.4
2026-04-24T16:57:01.271764,of:0000000000000004:2 -> of:0000000000000009:2,118917,118917,70526464,70526464,0.002,0.002,1.4,1.4
2026-04-24T16:57:21.296248,of:0000000000000008:1 -> of:000000000000000b:6,506821,506821,648809017,648809017,0.001,0.001,1.2,1.2
2026-04-24T16:57:21.296248,of:0000000000000003:2 -> of:0000000000000008:3,171310,171310,148809996,148809996,0.001,0.001,1.2,1.2
2026-04-24T16:57:21.296248,of:0000000000000002:2 -> of:0000000000000008:2,558886,558886,726029999,726029999,0.001,0.001,1.2,1.2
2026-04-24T16:57:21.296248,of:0000000000000007:1 -> of:000000000000000d:5,2545010,2545010,3681007421,3681007421,0.001,0.001,1.2,1.2
2026-04-24T16:57:21.296248,of:0000000000000007:2 -> of:000000000000000a:3,763765,763765,1030471649,1030471649,0.001,0.001,1.2,1.2
2026-04-24T16:57:21.296248,of:0000000000000003:1 -> of:000000000000000b:5,174137,174137,150560044,150560044,0.001,0.001,1.2,1.2
2026-04-24T16:57:21.296248,of:0000000000000006:1 -> of:000000000000000d:4,114023,114023,60903772,60903772,0.001,0.001,1.2,1.2
2026-04-24T16:57:21.296248,of:0000000000000006:2 -> of:000000000000000a:2,112033,112033,60182985,60182985,0.001,0.001,1.2,1.2
2026-04-24T16:57:21.296248,of:0000000000000001:3 -> of:000000000000000d:1,200523,200523,189778345,189778345,0.001,0.001,1.2,1.2
2026-04-24T16:57:21.296248,of:0000000000000002:1 -> of:000000000000000b:4,2759575,2759575,4002002777,4002002777,0.001,0.001,1.2,1.2
2026-04-24T16:57:21.296248,of:0000000000000001:2 -> of:000000000000000c:1,125372,125372,78043220,78043220,0.001,0.001,1.2,1.2
2026-04-24T16:57:21.296248,of:0000000000000001:1 -> of:000000000000000b:1,200572,200572,191626542,191626542,0.001,0.001,1.2,1.2
2026-04-24T16:57:21.296248,of:0000000000000004:1 -> of:000000000000000c:4,121585,121585,73150216,73150216,0.001,0.001,1.2,1.2
2026-04-24T16:57:21.296248,of:0000000000000005:1 -> of:000000000000000c:5,121912,121912,73504595,73504595,0.001,0.001,1.2,1.2
2026-04-24T16:57:21.296248,of:000000000000000a:1 -> of:000000000000000d:6,760840,760840,1026666135,1026666135,0.001,0.001,1.2,1.2
2026-04-24T16:57:21.296248,of:000000000000000b:2 -> of:000000000000000c:2,1140123,1140123,652956912,652956912,0.001,0.001,1.2,1.2
2026-04-24T16:57:21.296248,of:000000000000000c:3 -> of:000000000000000d:3,1136641,1136641,645832228,645832228,0.001,0.001,1.2,1.2
2026-04-24T16:57:21.296248,of:0000000000000005:2 -> of:0000000000000009:3,118612,118612,70054059,70054059,0.001,0.001,1.2,1.2
2026-04-24T16:57:21.296248,of:000000000000000b:3 -> of:000000000000000d:2,3456319,3456319,4102780278,4102780278,0.001,0.001,1.2,1.2
2026-04-24T16:57:21.296248,of:0000000000000009:1 -> of:000000000000000c:6,123504,123504,78081298,78081298,0.001,0.001,1.2,1.2
2026-04-24T16:57:21.296248,of:0000000000000004:2 -> of:0000000000000009:2,118941,118941,70529800,70529800,0.001,0.001,1.2,1.2
2026-04-24T16:57:41.322872,of:0000000000000008:1 -> of:000000000000000b:6,506847,506847,648812645,648812645,0.001,0.001,1.3,1.3
2026-04-24T16:57:41.322872,of:0000000000000003:2 -> of:0000000000000008:3,171336,171336,148813610,148813610,0.001,0.001,1.3,1.3
2026-04-24T16:57:41.322872,of:0000000000000002:2 -> of:0000000000000008:2,558912,558912,726033613,726033613,0.001,0.001,1.3,1.3
2026-04-24T16:57:41.322872,of:0000000000000007:1 -> of:000000000000000d:5,2545036,2545036,3681011049,3681011049,0.001,0.001,1.3,1.3
2026-04-24T16:57:41.322872,of:0000000000000007:2 -> of:000000000000000a:3,763791,763791,1030475277,1030475277,0.001,0.001,1.3,1.3
2026-04-24T16:57:41.322872,of:0000000000000003:1 -> of:000000000000000b:5,174165,174165,150563950,150563950,0.002,0.002,1.4,1.4
2026-04-24T16:57:41.322872,of:0000000000000006:1 -> of:000000000000000d:4,114051,114051,60907678,60907678,0.002,0.002,1.4,1.4
2026-04-24T16:57:41.322872,of:0000000000000006:2 -> of:000000000000000a:2,112061,112061,60186891,60186891,0.002,0.002,1.4,1.4
2026-04-24T16:57:41.322872,of:0000000000000001:3 -> of:000000000000000d:1,200549,200549,189781973,189781973,0.001,0.001,1.3,1.3
2026-04-24T16:57:41.322872,of:0000000000000002:1 -> of:000000000000000b:4,2759603,2759603,4002006683,4002006683,0.002,0.002,1.4,1.4
2026-04-24T16:57:41.322872,of:0000000000000001:2 -> of:000000000000000c:1,125396,125396,78046568,78046568,0.001,0.001,1.2,1.2
2026-04-24T16:57:41.322872,of:0000000000000001:1 -> of:000000000000000b:1,200598,200598,191630170,191630170,0.001,0.001,1.3,1.3
2026-04-24T16:57:41.322872,of:0000000000000004:1 -> of:000000000000000c:4,121611,121611,73153842,73153842,0.001,0.001,1.3,1.3
2026-04-24T16:57:41.322872,of:0000000000000005:1 -> of:000000000000000c:5,121938,121938,73508223,73508221,0.001,0.001,1.3,1.3
2026-04-24T16:57:41.322872,of:000000000000000a:1 -> of:000000000000000d:6,760868,760868,1026670055,1026670055,0.002,0.002,1.4,1.4
2026-04-24T16:57:41.322872,of:000000000000000b:2 -> of:000000000000000c:2,1140149,1140149,652960552,652960552,0.001,0.001,1.3,1.3
2026-04-24T16:57:41.322872,of:000000000000000c:3 -> of:000000000000000d:3,1136667,1136667,645835868,645835868,0.001,0.001,1.3,1.3
2026-04-24T16:57:41.322872,of:0000000000000005:2 -> of:0000000000000009:3,118638,118638,70057673,70057673,0.001,0.001,1.3,1.3
2026-04-24T16:57:41.322872,of:000000000000000b:3 -> of:000000000000000d:2,3456347,3456347,4102784198,4102784198,0.002,0.002,1.4,1.4
2026-04-24T16:57:41.322872,of:0000000000000009:1 -> of:000000000000000c:6,123528,123528,78084646,78084646,0.001,0.001,1.2,1.2
2026-04-24T16:57:41.322872,of:0000000000000004:2 -> of:0000000000000009:2,118967,118967,70533414,70533414,0.001,0.001,1.3,1.3
2026-04-24T16:58:01.352626,of:0000000000000008:1 -> of:000000000000000b:6,506873,506873,648816271,648816271,0.001,0.001,1.3,1.3
2026-04-24T16:58:01.352626,of:0000000000000003:2 -> of:0000000000000008:3,171362,171362,148817224,148817224,0.001,0.001,1.3,1.3
2026-04-24T16:58:01.352626,of:0000000000000002:2 -> of:0000000000000008:2,558938,558938,726037227,726037227,0.001,0.001,1.3,1.3
2026-04-24T16:58:01.352626,of:0000000000000007:1 -> of:000000000000000d:5,2545062,2545062,3681014675,3681014675,0.001,0.001,1.3,1.3
2026-04-24T16:58:01.352626,of:0000000000000007:2 -> of:000000000000000a:3,763817,763817,1030478903,1030478903,0.001,0.001,1.3,1.3
2026-04-24T16:58:01.352626,of:0000000000000003:1 -> of:000000000000000b:5,174190,174190,150567368,150567368,0.001,0.001,1.25,1.25
2026-04-24T16:58:01.352626,of:0000000000000006:1 -> of:000000000000000d:4,114076,114076,60911096,60911096,0.001,0.001,1.25,1.25
2026-04-24T16:58:01.352626,of:0000000000000006:2 -> of:000000000000000a:2,112086,112086,60190309,60190309,0.001,0.001,1.25,1.25
2026-04-24T16:58:01.352626,of:0000000000000001:3 -> of:000000000000000d:1,200575,200575,189785599,189785599,0.001,0.001,1.3,1.3
2026-04-24T16:58:01.352626,of:0000000000000002:1 -> of:000000000000000b:4,2759627,2759627,4002010031,4002010031,0.001,0.001,1.2,1.2
2026-04-24T16:58:01.352626,of:0000000000000001:2 -> of:000000000000000c:1,125424,125424,78050474,78050474,0.002,0.002,1.4,1.4
2026-04-24T16:58:01.352626,of:0000000000000001:1 -> of:000000000000000b:1,200624,200624,191633796,191633796,0.001,0.001,1.3,1.3
2026-04-24T16:58:01.352626,of:0000000000000004:1 -> of:000000000000000c:4,121637,121637,73157470,73157470,0.001,0.001,1.3,1.3
2026-04-24T16:58:01.352626,of:0000000000000005:1 -> of:000000000000000c:5,121965,121965,73511919,73511919,0.001,0.001,1.35,1.35
2026-04-24T16:58:01.352626,of:000000000000000a:1 -> of:000000000000000d:6,760892,760892,1026673415,1026673415,0.001,0.001,1.2,1.2
2026-04-24T16:58:01.352626,of:000000000000000b:2 -> of:000000000000000c:2,1140175,1140175,652964192,652964192,0.001,0.001,1.3,1.3
2026-04-24T16:58:01.352626,of:000000000000000c:3 -> of:000000000000000d:3,1136693,1136693,645839508,645839508,0.001,0.001,1.3,1.3
2026-04-24T16:58:01.352626,of:0000000000000005:2 -> of:0000000000000009:3,118664,118664,70061287,70061287,0.001,0.001,1.3,1.3
2026-04-24T16:58:01.352626,of:000000000000000b:3 -> of:000000000000000d:2,3456371,3456371,4102787558,4102787558,0.001,0.001,1.2,1.2
2026-04-24T16:58:01.352626,of:0000000000000009:1 -> of:000000000000000c:6,123556,123556,78088552,78088552,0.002,0.002,1.4,1.4
2026-04-24T16:58:01.352626,of:0000000000000004:2 -> of:0000000000000009:2,118993,118993,70537028,70537028,0.001,0.001,1.3,1.3
2026-04-24T16:58:21.387300,of:0000000000000008:1 -> of:000000000000000b:6,506897,506897,648819619,648819619,0.001,0.001,1.2,1.2
2026-04-24T16:58:21.387300,of:0000000000000003:2 -> of:0000000000000008:3,171388,171388,148820838,148820838,0.001,0.001,1.3,1.3
2026-04-24T16:58:21.387300,of:0000000000000002:2 -> of:0000000000000008:2,558964,558964,726040841,726040841,0.001,0.001,1.3,1.3
2026-04-24T16:58:21.387300,of:0000000000000007:1 -> of:000000000000000d:5,2545086,2545086,3681018023,3681018023,0.001,0.001,1.2,1.2
2026-04-24T16:58:21.387300,of:0000000000000007:2 -> of:000000000000000a:3,763843,763843,1030482531,1030482531,0.001,0.001,1.3,1.3
2026-04-24T16:58:21.387300,of:0000000000000003:1 -> of:000000000000000b:5,174216,174216,150570994,150570994,0.001,0.001,1.3,1.3
2026-04-24T16:58:21.387300,of:0000000000000006:1 -> of:000000000000000d:4,114100,114100,60914444,60914444,0.001,0.001,1.2,1.2
2026-04-24T16:58:21.387300,of:0000000000000006:2 -> of:000000000000000a:2,112112,112112,60193937,60193937,0.001,0.001,1.3,1.3
2026-04-24T16:58:21.387300,of:0000000000000001:3 -> of:000000000000000d:1,200599,200599,189788947,189788947,0.001,0.001,1.2,1.2
2026-04-24T16:58:21.387300,of:0000000000000002:1 -> of:000000000000000b:4,2759653,2759653,4002013657,4002013657,0.001,0.001,1.3,1.3
2026-04-24T16:58:21.387300,of:0000000000000001:2 -> of:000000000000000c:1,125448,125448,78053822,78053822,0.001,0.001,1.2,1.2
2026-04-24T16:58:21.387300,of:0000000000000001:1 -> of:000000000000000b:1,200648,200648,191637144,191637144,0.001,0.001,1.2,1.2
2026-04-24T16:58:21.387300,of:0000000000000004:1 -> of:000000000000000c:4,121663,121663,73161096,73161096,0.001,0.001,1.3,1.3
2026-04-24T16:58:21.387300,of:0000000000000005:1 -> of:000000000000000c:5,121989,121989,73515267,73515267,0.001,0.001,1.2,1.2
2026-04-24T16:58:21.387300,of:000000000000000a:1 -> of:000000000000000d:6,760918,760918,1026677055,1026677055,0.001,0.001,1.3,1.3
2026-04-24T16:58:21.387300,of:000000000000000b:2 -> of:000000000000000c:2,1140199,1140199,652967552,652967552,0.001,0.001,1.2,1.2
2026-04-24T16:58:21.387300,of:000000000000000c:3 -> of:000000000000000d:3,1136717,1136717,645842868,645842868,0.001,0.001,1.2,1.2
2026-04-24T16:58:21.387300,of:0000000000000005:2 -> of:0000000000000009:3,118688,118688,70064623,70064623,0.001,0.001,1.2,1.2
2026-04-24T16:58:21.387300,of:000000000000000b:3 -> of:000000000000000d:2,3456395,3456395,4102790918,4102790918,0.001,0.001,1.2,1.2
2026-04-24T16:58:21.387300,of:0000000000000009:1 -> of:000000000000000c:6,123580,123580,78091900,78091900,0.001,0.001,1.2,1.2
2026-04-24T16:58:21.387300,of:0000000000000004:2 -> of:0000000000000009:2,119019,119019,70540642,70540642,0.001,0.001,1.3,1.3
2026-04-24T16:58:41.418310,of:0000000000000008:1 -> of:000000000000000b:6,506925,506925,648823525,648823525,0.002,0.002,1.4,1.4
2026-04-24T16:58:41.418310,of:0000000000000003:2 -> of:0000000000000008:3,171414,171414,148824452,148824452,0.001,0.001,1.3,1.3
2026-04-24T16:58:41.418310,of:0000000000000002:2 -> of:0000000000000008:2,558990,558990,726044455,726044455,0.001,0.001,1.3,1.3
2026-04-24T16:58:41.418310,of:0000000000000007:1 -> of:000000000000000d:5,2545114,2545114,3681021929,3681021929,0.002,0.002,1.4,1.4
2026-04-24T16:58:41.418310,of:0000000000000007:2 -> of:000000000000000a:3,763869,763869,1030486157,1030486157,0.001,0.001,1.3,1.3
2026-04-24T16:58:41.418310,of:0000000000000003:1 -> of:000000000000000b:5,174242,174242,150574622,150574622,0.001,0.001,1.3,1.3
2026-04-24T16:58:41.418310,of:0000000000000006:1 -> of:000000000000000d:4,114128,114128,60918350,60918350,0.002,0.002,1.4,1.4
2026-04-24T16:58:41.418310,of:0000000000000006:2 -> of:000000000000000a:2,112138,112138,60197563,60197563,0.001,0.001,1.3,1.3
2026-04-24T16:58:41.418310,of:0000000000000001:3 -> of:000000000000000d:1,200627,200627,189792853,189792853,0.002,0.002,1.4,1.4
2026-04-24T16:58:41.418310,of:0000000000000002:1 -> of:000000000000000b:4,2759679,2759679,4002017285,4002017285,0.001,0.001,1.3,1.3
2026-04-24T16:58:41.418310,of:0000000000000001:2 -> of:000000000000000c:1,125476,125476,78057728,78057728,0.002,0.002,1.4,1.4
2026-04-24T16:58:41.418310,of:0000000000000001:1 -> of:000000000000000b:1,200676,200676,191641050,191641050,0.002,0.002,1.4,1.4
2026-04-24T16:58:41.418310,of:0000000000000004:1 -> of:000000000000000c:4,121689,121689,73164724,73164724,0.001,0.001,1.3,1.3
2026-04-24T16:58:41.418310,of:0000000000000005:1 -> of:000000000000000c:5,122017,122017,73519173,73519173,0.002,0.002,1.4,1.4
2026-04-24T16:58:41.418310,of:000000000000000a:1 -> of:000000000000000d:6,760944,760944,1026680695,1026680695,0.001,0.001,1.3,1.3
2026-04-24T16:58:41.418310,of:000000000000000b:2 -> of:000000000000000c:2,1140227,1140227,652971472,652971472,0.002,0.002,1.4,1.4
2026-04-24T16:58:41.418310,of:000000000000000c:3 -> of:000000000000000d:3,1136745,1136745,645846788,645846788,0.002,0.002,1.4,1.4
2026-04-24T16:58:41.418310,of:0000000000000005:2 -> of:0000000000000009:3,118716,118716,70068515,70068515,0.002,0.002,1.4,1.4
2026-04-24T16:58:41.418310,of:000000000000000b:3 -> of:000000000000000d:2,3456423,3456423,4102794838,4102794838,0.002,0.002,1.4,1.4
2026-04-24T16:58:41.418310,of:0000000000000009:1 -> of:000000000000000c:6,123608,123608,78095806,78095806,0.002,0.002,1.4,1.4
2026-04-24T16:58:41.418310,of:0000000000000004:2 -> of:0000000000000009:2,119045,119045,70544256,70544256,0.001,0.001,1.3,1.3
2026-04-24T16:59:01.448394,of:0000000000000008:1 -> of:000000000000000b:6,506949,506949,648826873,648826873,0.001,0.001,1.2,1.2
2026-04-24T16:59:01.448394,of:0000000000000003:2 -> of:0000000000000008:3,171438,171438,148827788,148827788,0.001,0.001,1.2,1.2
2026-04-24T16:59:01.448394,of:0000000000000002:2 -> of:0000000000000008:2,559014,559014,726047791,726047791,0.001,0.001,1.2,1.2
2026-04-24T16:59:01.448394,of:0000000000000007:1 -> of:000000000000000d:5,2545138,2545138,3681025277,3681025277,0.001,0.001,1.2,1.2
2026-04-24T16:59:01.448394,of:0000000000000007:2 -> of:000000000000000a:3,763893,763893,1030489505,1030489505,0.001,0.001,1.2,1.2
2026-04-24T16:59:01.448394,of:0000000000000003:1 -> of:000000000000000b:5,174266,174266,150577970,150577970,0.001,0.001,1.2,1.2
2026-04-24T16:59:01.448394,of:0000000000000006:1 -> of:000000000000000d:4,114152,114152,60921698,60921698,0.001,0.001,1.2,1.2
2026-04-24T16:59:01.448394,of:0000000000000006:2 -> of:000000000000000a:2,112162,112162,60200911,60200911,0.001,0.001,1.2,1.2
2026-04-24T16:59:01.448394,of:0000000000000001:3 -> of:000000000000000d:1,200651,200651,189796201,189796201,0.001,0.001,1.2,1.2
2026-04-24T16:59:01.448394,of:0000000000000002:1 -> of:000000000000000b:4,2759703,2759703,4002020633,4002020633,0.001,0.001,1.2,1.2
2026-04-24T16:59:01.448394,of:0000000000000001:2 -> of:000000000000000c:1,125500,125500,78061076,78061076,0.001,0.001,1.2,1.2
2026-04-24T16:59:01.448394,of:0000000000000001:1 -> of:000000000000000b:1,200700,200700,191644398,191644398,0.001,0.001,1.2,1.2
2026-04-24T16:59:01.448394,of:0000000000000004:1 -> of:000000000000000c:4,121713,121713,73168072,73168072,0.001,0.001,1.2,1.2
2026-04-24T16:59:01.448394,of:0000000000000005:1 -> of:000000000000000c:5,122041,122041,73522521,73522521,0.001,0.001,1.2,1.2
2026-04-24T16:59:01.448394,of:000000000000000a:1 -> of:000000000000000d:6,760968,760968,1026684055,1026684055,0.001,0.001,1.2,1.2
2026-04-24T16:59:01.448394,of:000000000000000b:2 -> of:000000000000000c:2,1140251,1140251,652974832,652974832,0.001,0.001,1.2,1.2
2026-04-24T16:59:01.448394,of:000000000000000c:3 -> of:000000000000000d:3,1136769,1136769,645850148,645850148,0.001,0.001,1.2,1.2
2026-04-24T16:59:01.448394,of:0000000000000005:2 -> of:0000000000000009:3,118740,118740,70071851,70071851,0.001,0.001,1.2,1.2
2026-04-24T16:59:01.448394,of:000000000000000b:3 -> of:000000000000000d:2,3456447,3456447,4102798198,4102798198,0.001,0.001,1.2,1.2
2026-04-24T16:59:01.448394,of:0000000000000009:1 -> of:000000000000000c:6,123632,123632,78099154,78099154,0.001,0.001,1.2,1.2
2026-04-24T16:59:01.448394,of:0000000000000004:2 -> of:0000000000000009:2,119069,119069,70547592,70547592,0.001,0.001,1.2,1.2
2026-04-24T16:59:21.477808,of:0000000000000008:1 -> of:000000000000000b:6,506977,506977,648830779,648830779,0.002,0.002,1.4,1.4
2026-04-24T16:59:21.477808,of:0000000000000003:2 -> of:0000000000000008:3,171466,171466,148831680,148831680,0.002,0.002,1.4,1.4
2026-04-24T16:59:21.477808,of:0000000000000002:2 -> of:0000000000000008:2,559042,559042,726051683,726051683,0.002,0.002,1.4,1.4
2026-04-24T16:59:21.477808,of:0000000000000007:1 -> of:000000000000000d:5,2545166,2545166,3681029183,3681029183,0.002,0.002,1.4,1.4
2026-04-24T16:59:21.477808,of:0000000000000007:2 -> of:000000000000000a:3,763921,763921,1030493411,1030493411,0.002,0.002,1.4,1.4
2026-04-24T16:59:21.477808,of:0000000000000003:1 -> of:000000000000000b:5,174294,174294,150581876,150581876,0.002,0.002,1.4,1.4
2026-04-24T16:59:21.477808,of:0000000000000006:1 -> of:000000000000000d:4,114180,114180,60925604,60925604,0.002,0.002,1.4,1.4
2026-04-24T16:59:21.477808,of:0000000000000006:2 -> of:000000000000000a:2,112190,112190,60204817,60204817,0.002,0.002,1.4,1.4
2026-04-24T16:59:21.477808,of:0000000000000001:3 -> of:000000000000000d:1,200679,200679,189800107,189800107,0.002,0.002,1.4,1.4
2026-04-24T16:59:21.477808,of:0000000000000002:1 -> of:000000000000000b:4,2759731,2759731,4002024539,4002024539,0.002,0.002,1.4,1.4
2026-04-24T16:59:21.477808,of:0000000000000001:2 -> of:000000000000000c:1,125528,125528,78064982,78064982,0.002,0.002,1.4,1.4
2026-04-24T16:59:21.477808,of:0000000000000001:1 -> of:000000000000000b:1,200728,200728,191648304,191648304,0.002,0.002,1.4,1.4
2026-04-24T16:59:21.477808,of:0000000000000004:1 -> of:000000000000000c:4,121741,121741,73171978,73171978,0.002,0.002,1.4,1.4
2026-04-24T16:59:21.477808,of:0000000000000005:1 -> of:000000000000000c:5,122069,122069,73526427,73526427,0.002,0.002,1.4,1.4
2026-04-24T16:59:21.477808,of:000000000000000a:1 -> of:000000000000000d:6,760996,760996,1026687975,1026687975,0.002,0.002,1.4,1.4
2026-04-24T16:59:21.477808,of:000000000000000b:2 -> of:000000000000000c:2,1140279,1140279,652978752,652978752,0.002,0.002,1.4,1.4
2026-04-24T16:59:21.477808,of:000000000000000c:3 -> of:000000000000000d:3,1136797,1136797,645854068,645854068,0.002,0.002,1.4,1.4
2026-04-24T16:59:21.477808,of:0000000000000005:2 -> of:0000000000000009:3,118768,118768,70075743,70075743,0.002,0.002,1.4,1.4
2026-04-24T16:59:21.477808,of:000000000000000b:3 -> of:000000000000000d:2,3456475,3456475,4102802118,4102802118,0.002,0.002,1.4,1.4
2026-04-24T16:59:21.477808,of:0000000000000009:1 -> of:000000000000000c:6,123660,123660,78103060,78103060,0.002,0.002,1.4,1.4
2026-04-24T16:59:21.477808,of:0000000000000004:2 -> of:0000000000000009:2,119097,119097,70551484,70551484,0.002,0.002,1.4,1.4
2026-04-24T16:59:41.511105,of:0000000000000008:1 -> of:000000000000000b:6,507001,507001,648834127,648834127,0.001,0.001,1.2,1.2
2026-04-24T16:59:41.511105,of:0000000000000003:2 -> of:0000000000000008:3,171490,171490,148835016,148835016,0.001,0.001,1.2,1.2
2026-04-24T16:59:41.511105,of:0000000000000002:2 -> of:0000000000000008:2,559066,559066,726055019,726055019,0.001,0.001,1.2,1.2
2026-04-24T16:59:41.511105,of:0000000000000007:1 -> of:000000000000000d:5,2545190,2545190,3681032531,3681032531,0.001,0.001,1.2,1.2
2026-04-24T16:59:41.511105,of:0000000000000007:2 -> of:000000000000000a:3,763945,763945,1030496759,1030496759,0.001,0.001,1.2,1.2
2026-04-24T16:59:41.511105,of:0000000000000003:1 -> of:000000000000000b:5,174318,174318,150585224,150585224,0.001,0.001,1.2,1.2
2026-04-24T16:59:41.511105,of:0000000000000006:1 -> of:000000000000000d:4,114204,114204,60928952,60928952,0.001,0.001,1.2,1.2
2026-04-24T16:59:41.511105,of:0000000000000006:2 -> of:000000000000000a:2,112214,112214,60208165,60208165,0.001,0.001,1.2,1.2
2026-04-24T16:59:41.511105,of:0000000000000001:3 -> of:000000000000000d:1,200703,200703,189803455,189803455,0.001,0.001,1.2,1.2
2026-04-24T16:59:41.511105,of:0000000000000002:1 -> of:000000000000000b:4,2759755,2759755,4002027887,4002027887,0.001,0.001,1.2,1.2
2026-04-24T16:59:41.511105,of:0000000000000001:2 -> of:000000000000000c:1,125552,125552,78068330,78068330,0.001,0.001,1.2,1.2
2026-04-24T16:59:41.511105,of:0000000000000001:1 -> of:000000000000000b:1,200752,200752,191651652,191651652,0.001,0.001,1.2,1.2
2026-04-24T16:59:41.511105,of:0000000000000004:1 -> of:000000000000000c:4,121765,121765,73175326,73175326,0.001,0.001,1.2,1.2
2026-04-24T16:59:41.511105,of:0000000000000005:1 -> of:000000000000000c:5,122093,122093,73529775,73529775,0.001,0.001,1.2,1.2
2026-04-24T16:59:41.511105,of:000000000000000a:1 -> of:000000000000000d:6,761020,761020,1026691335,1026691335,0.001,0.001,1.2,1.2
2026-04-24T16:59:41.511105,of:000000000000000b:2 -> of:000000000000000c:2,1140303,1140303,652982112,652982112,0.001,0.001,1.2,1.2
2026-04-24T16:59:41.511105,of:000000000000000c:3 -> of:000000000000000d:3,1136821,1136821,645857428,645857428,0.001,0.001,1.2,1.2
2026-04-24T16:59:41.511105,of:0000000000000005:2 -> of:0000000000000009:3,118792,118792,70079079,70079079,0.001,0.001,1.2,1.2
2026-04-24T16:59:41.511105,of:000000000000000b:3 -> of:000000000000000d:2,3456499,3456499,4102805478,4102805478,0.001,0.001,1.2,1.2
2026-04-24T16:59:41.511105,of:0000000000000009:1 -> of:000000000000000c:6,123684,123684,78106408,78106408,0.001,0.001,1.2,1.2
2026-04-24T16:59:41.511105,of:0000000000000004:2 -> of:0000000000000009:2,119121,119121,70554820,70554820,0.001,0.001,1.2,1.2
2026-04-24T17:00:01.553158,of:0000000000000008:1 -> of:000000000000000b:6,507029,507029,648838033,648838033,0.002,0.002,1.4,1.4
2026-04-24T17:00:01.553158,of:0000000000000003:2 -> of:0000000000000008:3,171518,171518,148838908,148838908,0.002,0.002,1.4,1.4
2026-04-24T17:00:01.553158,of:0000000000000002:2 -> of:0000000000000008:2,559094,559094,726058911,726058911,0.002,0.002,1.4,1.4
2026-04-24T17:00:01.553158,of:0000000000000007:1 -> of:000000000000000d:5,2545218,2545218,3681036437,3681036437,0.002,0.002,1.4,1.4
2026-04-24T17:00:01.553158,of:0000000000000007:2 -> of:000000000000000a:3,763973,763973,1030500665,1030500665,0.002,0.002,1.4,1.4
2026-04-24T17:00:01.553158,of:0000000000000003:1 -> of:000000000000000b:5,174346,174346,150589130,150589130,0.002,0.002,1.4,1.4
2026-04-24T17:00:01.553158,of:0000000000000006:1 -> of:000000000000000d:4,114232,114232,60932858,60932858,0.002,0.002,1.4,1.4
2026-04-24T17:00:01.553158,of:0000000000000006:2 -> of:000000000000000a:2,112242,112242,60212071,60212071,0.002,0.002,1.4,1.4
2026-04-24T17:00:01.553158,of:0000000000000001:3 -> of:000000000000000d:1,200731,200731,189807361,189807361,0.002,0.002,1.4,1.4
2026-04-24T17:00:01.553158,of:0000000000000002:1 -> of:000000000000000b:4,2759783,2759783,4002031793,4002031793,0.002,0.002,1.4,1.4
2026-04-24T17:00:01.553158,of:0000000000000001:2 -> of:000000000000000c:1,125580,125580,78072236,78072236,0.002,0.002,1.4,1.4
2026-04-24T17:00:01.553158,of:0000000000000001:1 -> of:000000000000000b:1,200780,200780,191655558,191655558,0.002,0.002,1.4,1.4
2026-04-24T17:00:01.553158,of:0000000000000004:1 -> of:000000000000000c:4,121793,121793,73179232,73179232,0.002,0.002,1.4,1.4
2026-04-24T17:00:01.553158,of:0000000000000005:1 -> of:000000000000000c:5,122121,122121,73533681,73533681,0.002,0.002,1.4,1.4
2026-04-24T17:00:01.553158,of:000000000000000a:1 -> of:000000000000000d:6,761048,761048,1026695255,1026695255,0.002,0.002,1.4,1.4
2026-04-24T17:00:01.553158,of:000000000000000b:2 -> of:000000000000000c:2,1140331,1140331,652986032,652986032,0.002,0.002,1.4,1.4
2026-04-24T17:00:01.553158,of:000000000000000c:3 -> of:000000000000000d:3,1136849,1136849,645861348,645861348,0.002,0.002,1.4,1.4
2026-04-24T17:00:01.553158,of:0000000000000005:2 -> of:0000000000000009:3,118820,118820,70082971,70082971,0.002,0.002,1.4,1.4
2026-04-24T17:00:01.553158,of:000000000000000b:3 -> of:000000000000000d:2,3456527,3456527,4102809398,4102809398,0.002,0.002,1.4,1.4
2026-04-24T17:00:01.553158,of:0000000000000009:1 -> of:000000000000000c:6,123712,123712,78110314,78110314,0.002,0.002,1.4,1.4
2026-04-24T17:00:01.553158,of:0000000000000004:2 -> of:0000000000000009:2,119149,119149,70558712,70558712,0.002,0.002,1.4,1.4
2026-04-24T17:00:21.582741,of:0000000000000008:1 -> of:000000000000000b:6,507053,507053,648841381,648841381,0.001,0.001,1.2,1.2
2026-04-24T17:00:21.582741,of:0000000000000003:2 -> of:0000000000000008:3,171542,171542,148842244,148842244,0.001,0.001,1.2,1.2
2026-04-24T17:00:21.582741,of:0000000000000002:2 -> of:0000000000000008:2,559118,559118,726062247,726062247,0.001,0.001,1.2,1.2
2026-04-24T17:00:21.582741,of:0000000000000007:1 -> of:000000000000000d:5,2545242,2545242,3681039785,3681039785,0.001,0.001,1.2,1.2
2026-04-24T17:00:21.582741,of:0000000000000007:2 -> of:000000000000000a:3,763997,763997,1030504013,1030504013,0.001,0.001,1.2,1.2
2026-04-24T17:00:21.582741,of:0000000000000003:1 -> of:000000000000000b:5,174370,174370,150592478,150592478,0.001,0.001,1.2,1.2
2026-04-24T17:00:21.582741,of:0000000000000006:1 -> of:000000000000000d:4,114256,114256,60936206,60936206,0.001,0.001,1.2,1.2
2026-04-24T17:00:21.582741,of:0000000000000006:2 -> of:000000000000000a:2,112266,112266,60215419,60215419,0.001,0.001,1.2,1.2
2026-04-24T17:00:21.582741,of:0000000000000001:3 -> of:000000000000000d:1,200755,200755,189810709,189810709,0.001,0.001,1.2,1.2
2026-04-24T17:00:21.582741,of:0000000000000002:1 -> of:000000000000000b:4,2759807,2759807,4002035141,4002035141,0.001,0.001,1.2,1.2
2026-04-24T17:00:21.582741,of:0000000000000001:2 -> of:000000000000000c:1,125604,125604,78075584,78075584,0.001,0.001,1.2,1.2
2026-04-24T17:00:21.582741,of:0000000000000001:1 -> of:000000000000000b:1,200804,200804,191658906,191658906,0.001,0.001,1.2,1.2
2026-04-24T17:00:21.582741,of:0000000000000004:1 -> of:000000000000000c:4,121817,121817,73182580,73182580,0.001,0.001,1.2,1.2
2026-04-24T17:00:21.582741,of:0000000000000005:1 -> of:000000000000000c:5,122145,122145,73537029,73537029,0.001,0.001,1.2,1.2
2026-04-24T17:00:21.582741,of:000000000000000a:1 -> of:000000000000000d:6,761072,761072,1026698615,1026698615,0.001,0.001,1.2,1.2
2026-04-24T17:00:21.582741,of:000000000000000b:2 -> of:000000000000000c:2,1140355,1140355,652989392,652989392,0.001,0.001,1.2,1.2
2026-04-24T17:00:21.582741,of:000000000000000c:3 -> of:000000000000000d:3,1136873,1136873,645864708,645864708,0.001,0.001,1.2,1.2
2026-04-24T17:00:21.582741,of:0000000000000005:2 -> of:0000000000000009:3,118844,118844,70086307,70086307,0.001,0.001,1.2,1.2
2026-04-24T17:00:21.582741,of:000000000000000b:3 -> of:000000000000000d:2,3456551,3456551,4102812758,4102812758,0.001,0.001,1.2,1.2
2026-04-24T17:00:21.582741,of:0000000000000009:1 -> of:000000000000000c:6,123736,123736,78113662,78113662,0.001,0.001,1.2,1.2
2026-04-24T17:00:21.582741,of:0000000000000004:2 -> of:0000000000000009:2,119173,119173,70562048,70562048,0.001,0.001,1.2,1.2
2026-04-24T17:00:41.625257,of:0000000000000008:1 -> of:000000000000000b:6,507081,507081,648845287,648845287,0.002,0.002,1.4,1.4
2026-04-24T17:00:41.625257,of:0000000000000003:2 -> of:0000000000000008:3,171570,171570,148846136,148846136,0.002,0.002,1.4,1.4
2026-04-24T17:00:41.625257,of:0000000000000002:2 -> of:0000000000000008:2,559146,559146,726066139,726066139,0.002,0.002,1.4,1.4
2026-04-24T17:00:41.625257,of:0000000000000007:1 -> of:000000000000000d:5,2545270,2545270,3681043691,3681043691,0.002,0.002,1.4,1.4
2026-04-24T17:00:41.625257,of:0000000000000007:2 -> of:000000000000000a:3,764025,764025,1030507919,1030507919,0.002,0.002,1.4,1.4
2026-04-24T17:00:41.625257,of:0000000000000003:1 -> of:000000000000000b:5,174398,174398,150596384,150596384,0.002,0.002,1.4,1.4
2026-04-24T17:00:41.625257,of:0000000000000006:1 -> of:000000000000000d:4,114284,114284,60940112,60940112,0.002,0.002,1.4,1.4
2026-04-24T17:00:41.625257,of:0000000000000006:2 -> of:000000000000000a:2,112294,112294,60219325,60219325,0.002,0.002,1.4,1.4
2026-04-24T17:00:41.625257,of:0000000000000001:3 -> of:000000000000000d:1,200783,200783,189814615,189814615,0.002,0.002,1.4,1.4
2026-04-24T17:00:41.625257,of:0000000000000002:1 -> of:000000000000000b:4,2759835,2759835,4002039047,4002039047,0.002,0.002,1.4,1.4
2026-04-24T17:00:41.625257,of:0000000000000001:2 -> of:000000000000000c:1,125632,125632,78079490,78079490,0.002,0.002,1.4,1.4
2026-04-24T17:00:41.625257,of:0000000000000001:1 -> of:000000000000000b:1,200832,200832,191662812,191662812,0.002,0.002,1.4,1.4
2026-04-24T17:00:41.625257,of:0000000000000004:1 -> of:000000000000000c:4,121845,121845,73186486,73186486,0.002,0.002,1.4,1.4
2026-04-24T17:00:41.625257,of:0000000000000005:1 -> of:000000000000000c:5,122171,122173,73540657,73540935,0.001,0.002,1.3,1.4
2026-04-24T17:00:41.625257,of:000000000000000a:1 -> of:000000000000000d:6,761100,761100,1026702535,1026702535,0.002,0.002,1.4,1.4
2026-04-24T17:00:41.625257,of:000000000000000b:2 -> of:000000000000000c:2,1140383,1140383,652993312,652993312,0.002,0.002,1.4,1.4
2026-04-24T17:00:41.625257,of:000000000000000c:3 -> of:000000000000000d:3,1136901,1136901,645868628,645868628,0.002,0.002,1.4,1.4
2026-04-24T17:00:41.625257,of:0000000000000005:2 -> of:0000000000000009:3,118870,118872,70089921,70090199,0.001,0.002,1.3,1.4
2026-04-24T17:00:41.625257,of:000000000000000b:3 -> of:000000000000000d:2,3456579,3456579,4102816678,4102816678,0.002,0.002,1.4,1.4
2026-04-24T17:00:41.625257,of:0000000000000009:1 -> of:000000000000000c:6,123764,123764,78117568,78117568,0.002,0.002,1.4,1.4
2026-04-24T17:00:41.625257,of:0000000000000004:2 -> of:0000000000000009:2,119201,119201,70565940,70565940,0.002,0.002,1.4,1.4
2026-04-24T17:01:01.665463,of:0000000000000008:1 -> of:000000000000000b:6,507105,507105,648848635,648848635,0.001,0.001,1.2,1.2
2026-04-24T17:01:01.665463,of:0000000000000003:2 -> of:0000000000000008:3,171594,171594,148849472,148849472,0.001,0.001,1.2,1.2
2026-04-24T17:01:01.665463,of:0000000000000002:2 -> of:0000000000000008:2,559170,559170,726069475,726069475,0.001,0.001,1.2,1.2
2026-04-24T17:01:01.665463,of:0000000000000007:1 -> of:000000000000000d:5,2545294,2545294,3681047039,3681047039,0.001,0.001,1.2,1.2
2026-04-24T17:01:01.665463,of:0000000000000007:2 -> of:000000000000000a:3,764049,764049,1030511267,1030511267,0.001,0.001,1.2,1.2
2026-04-24T17:01:01.665463,of:0000000000000003:1 -> of:000000000000000b:5,174422,174422,150599732,150599732,0.001,0.001,1.2,1.2
2026-04-24T17:01:01.665463,of:0000000000000006:1 -> of:000000000000000d:4,114308,114308,60943460,60943460,0.001,0.001,1.2,1.2
2026-04-24T17:01:01.665463,of:0000000000000006:2 -> of:000000000000000a:2,112318,112318,60222673,60222673,0.001,0.001,1.2,1.2
2026-04-24T17:01:01.665463,of:0000000000000001:3 -> of:000000000000000d:1,200807,200807,189817963,189817963,0.001,0.001,1.2,1.2
2026-04-24T17:01:01.665463,of:0000000000000002:1 -> of:000000000000000b:4,2759859,2759859,4002042395,4002042395,0.001,0.001,1.2,1.2
2026-04-24T17:01:01.665463,of:0000000000000001:2 -> of:000000000000000c:1,125656,125656,78082838,78082838,0.001,0.001,1.2,1.2
2026-04-24T17:01:01.665463,of:0000000000000001:1 -> of:000000000000000b:1,200856,200856,191666160,191666160,0.001,0.001,1.2,1.2
2026-04-24T17:01:01.665463,of:0000000000000004:1 -> of:000000000000000c:4,121869,121869,73189834,73189834,0.001,0.001,1.2,1.2
2026-04-24T17:01:01.665463,of:0000000000000005:1 -> of:000000000000000c:5,122197,122197,73544283,73544283,0.001,0.001,1.3,1.2
2026-04-24T17:01:01.665463,of:000000000000000a:1 -> of:000000000000000d:6,761124,761124,1026705895,1026705895,0.001,0.001,1.2,1.2
2026-04-24T17:01:01.665463,of:000000000000000b:2 -> of:000000000000000c:2,1140407,1140407,652996672,652996672,0.001,0.001,1.2,1.2
2026-04-24T17:01:01.665463,of:000000000000000c:3 -> of:000000000000000d:3,1136925,1136925,645871988,645871988,0.001,0.001,1.2,1.2
2026-04-24T17:01:01.665463,of:0000000000000005:2 -> of:0000000000000009:3,118896,118896,70093535,70093535,0.001,0.001,1.3,1.2
2026-04-24T17:01:01.665463,of:000000000000000b:3 -> of:000000000000000d:2,3456603,3456603,4102820038,4102820038,0.001,0.001,1.2,1.2
2026-04-24T17:01:01.665463,of:0000000000000009:1 -> of:000000000000000c:6,123788,123788,78120916,78120916,0.001,0.001,1.2,1.2
2026-04-24T17:01:01.665463,of:0000000000000004:2 -> of:0000000000000009:2,119225,119225,70569276,70569276,0.001,0.001,1.2,1.2
2026-04-24T17:01:21.694027,of:0000000000000008:1 -> of:000000000000000b:6,507131,507131,648852263,648852263,0.001,0.001,1.3,1.3
2026-04-24T17:01:21.694027,of:0000000000000003:2 -> of:0000000000000008:3,171620,171620,148853086,148853086,0.001,0.001,1.3,1.3
2026-04-24T17:01:21.694027,of:0000000000000002:2 -> of:0000000000000008:2,559196,559196,726073089,726073089,0.001,0.001,1.3,1.3
2026-04-24T17:01:21.694027,of:0000000000000007:1 -> of:000000000000000d:5,2545320,2545320,3681050667,3681050667,0.001,0.001,1.3,1.3
2026-04-24T17:01:21.694027,of:0000000000000007:2 -> of:000000000000000a:3,764075,764075,1030514895,1030514895,0.001,0.001,1.3,1.3
2026-04-24T17:01:21.694027,of:0000000000000003:1 -> of:000000000000000b:5,174450,174450,150603638,150603638,0.002,0.002,1.4,1.4
2026-04-24T17:01:21.694027,of:0000000000000006:1 -> of:000000000000000d:4,114336,114336,60947366,60947366,0.002,0.002,1.4,1.4
2026-04-24T17:01:21.694027,of:0000000000000006:2 -> of:000000000000000a:2,112346,112346,60226579,60226579,0.002,0.002,1.4,1.4
2026-04-24T17:01:21.694027,of:0000000000000001:3 -> of:000000000000000d:1,200833,200833,189821591,189821591,0.001,0.001,1.3,1.3
2026-04-24T17:01:21.694027,of:0000000000000002:1 -> of:000000000000000b:4,2759887,2759887,4002046301,4002046301,0.002,0.002,1.4,1.4
2026-04-24T17:01:21.694027,of:0000000000000001:2 -> of:000000000000000c:1,125680,125680,78086186,78086186,0.001,0.001,1.2,1.2
2026-04-24T17:01:21.694027,of:0000000000000001:1 -> of:000000000000000b:1,200882,200882,191669788,191669788,0.001,0.001,1.3,1.3
2026-04-24T17:01:21.694027,of:0000000000000004:1 -> of:000000000000000c:4,121895,121895,73193460,73193460,0.001,0.001,1.3,1.3
2026-04-24T17:01:21.694027,of:0000000000000005:1 -> of:000000000000000c:5,122223,122221,73547911,73547631,0.001,0.001,1.3,1.2
2026-04-24T17:01:21.694027,of:000000000000000a:1 -> of:000000000000000d:6,761152,761152,1026709815,1026709815,0.002,0.002,1.4,1.4
2026-04-24T17:01:21.694027,of:000000000000000b:2 -> of:000000000000000c:2,1140433,1140433,653000312,653000312,0.001,0.001,1.3,1.3
2026-04-24T17:01:21.694027,of:000000000000000c:3 -> of:000000000000000d:3,1136951,1136951,645875628,645875628,0.001,0.001,1.3,1.3
2026-04-24T17:01:21.694027,of:0000000000000005:2 -> of:0000000000000009:3,118922,118920,70097149,70096871,0.001,0.001,1.3,1.2
2026-04-24T17:01:21.694027,of:000000000000000b:3 -> of:000000000000000d:2,3456631,3456631,4102823958,4102823958,0.002,0.002,1.4,1.4
2026-04-24T17:01:21.694027,of:0000000000000009:1 -> of:000000000000000c:6,123812,123812,78124264,78124264,0.001,0.001,1.2,1.2
2026-04-24T17:01:21.694027,of:0000000000000004:2 -> of:0000000000000009:2,119251,119251,70572890,70572890,0.001,0.001,1.3,1.3
2026-04-24T17:01:41.846185,of:0000000000000008:1 -> of:000000000000000b:6,507158,507158,648855931,648855931,0.001,0.001,1.34,1.34
2026-04-24T17:01:41.846185,of:0000000000000003:2 -> of:0000000000000008:3,171648,171648,148856784,148856784,0.001,0.001,1.39,1.39
2026-04-24T17:01:41.846185,of:0000000000000002:2 -> of:0000000000000008:2,559224,559224,726076787,726076787,0.001,0.001,1.39,1.39
2026-04-24T17:01:41.846185,of:0000000000000007:1 -> of:000000000000000d:5,2558023,2557993,3699916108,3699871408,7.504,7.486,631.56,630.07
2026-04-24T17:01:41.846185,of:0000000000000007:2 -> of:000000000000000a:3,764103,764103,1030518605,1030518605,0.001,0.001,1.39,1.39
2026-04-24T17:01:41.846185,of:0000000000000003:1 -> of:000000000000000b:5,186244,186231,168113087,168093717,6.964,6.957,586.37,585.72
2026-04-24T17:01:41.846185,of:0000000000000006:1 -> of:000000000000000d:4,126142,126144,78474695,78477675,6.971,6.973,586.97,587.07
2026-04-24T17:01:41.846185,of:0000000000000006:2 -> of:000000000000000a:2,112372,112372,60230011,60230011,0.001,0.001,1.29,1.29
2026-04-24T17:01:41.846185,of:0000000000000001:3 -> of:000000000000000d:1,200860,200860,189825259,189825259,0.001,0.001,1.34,1.34
2026-04-24T17:01:41.846185,of:0000000000000002:1 -> of:000000000000000b:4,2772567,2772584,4020880174,4020905504,7.491,7.501,630.42,631.26
2026-04-24T17:01:41.846185,of:0000000000000001:2 -> of:000000000000000c:1,125709,125709,78090134,78090134,0.002,0.002,1.44,1.44
2026-04-24T17:01:41.846185,of:0000000000000001:1 -> of:000000000000000b:1,200909,200909,191673456,191673456,0.001,0.001,1.34,1.34
2026-04-24T17:01:41.846185,of:0000000000000004:1 -> of:000000000000000c:4,121922,121922,73197130,73197130,0.001,0.001,1.34,1.34
2026-04-24T17:01:41.846185,of:0000000000000005:1 -> of:000000000000000c:5,122250,122250,73551579,73551579,0.001,0.002,1.34,1.44
2026-04-24T17:01:41.846185,of:000000000000000a:1 -> of:000000000000000d:6,761177,761177,1026713217,1026713217,0.001,0.001,1.24,1.24
2026-04-24T17:01:41.846185,of:000000000000000b:2 -> of:000000000000000c:2,1140461,1140461,653004036,653004036,0.001,0.001,1.39,1.39
2026-04-24T17:01:41.846185,of:000000000000000c:3 -> of:000000000000000d:3,1136979,1136979,645879352,645879352,0.001,0.001,1.39,1.39
2026-04-24T17:01:41.846185,of:0000000000000005:2 -> of:0000000000000009:3,118950,118950,70100847,70100847,0.001,0.002,1.39,1.49
2026-04-24T17:01:41.846185,of:000000000000000b:3 -> of:000000000000000d:2,3481077,3481074,4139157984,4139153514,14.452,14.45,1215.4,1215.25
2026-04-24T17:01:41.846185,of:0000000000000009:1 -> of:000000000000000c:6,123841,123841,78128212,78128212,0.002,0.002,1.44,1.44
2026-04-24T17:01:41.846185,of:0000000000000004:2 -> of:0000000000000009:2,119279,119279,70576588,70576588,0.001,0.001,1.39,1.39
2026-04-24T17:02:01.883761,of:0000000000000008:1 -> of:000000000000000b:6,507182,507182,648859279,648859279,0.001,0.001,1.2,1.2
2026-04-24T17:02:01.883761,of:0000000000000003:2 -> of:0000000000000008:3,171672,171672,148860120,148860120,0.001,0.001,1.2,1.2
2026-04-24T17:02:01.883761,of:0000000000000002:2 -> of:0000000000000008:2,559248,559248,726080123,726080123,0.001,0.001,1.2,1.2
2026-04-24T17:02:01.883761,of:0000000000000007:1 -> of:000000000000000d:5,2568588,2568556,3715625546,3715577866,6.263,6.261,526.47,526.37
2026-04-24T17:02:01.883761,of:0000000000000007:2 -> of:000000000000000a:3,764127,764127,1030521953,1030521953,0.001,0.001,1.2,1.2
2026-04-24T17:02:01.883761,of:0000000000000003:1 -> of:000000000000000b:5,196667,196653,183605153,183584293,6.176,6.175,519.4,519.35
2026-04-24T17:02:01.883761,of:0000000000000006:1 -> of:000000000000000d:4,136574,136577,93980171,93984641,6.181,6.182,519.85,519.9
2026-04-24T17:02:01.883761,of:0000000000000006:2 -> of:000000000000000a:2,112396,112396,60233359,60233359,0.001,0.001,1.2,1.2
2026-04-24T17:02:01.883761,of:0000000000000001:3 -> of:000000000000000d:1,200884,200884,189828607,189828607,0.001,0.001,1.2,1.2
2026-04-24T17:02:01.883761,of:0000000000000002:1 -> of:000000000000000b:4,2783130,2783145,4036586632,4036608982,6.261,6.26,526.37,526.27
2026-04-24T17:02:01.883761,of:0000000000000001:2 -> of:000000000000000c:1,125733,125733,78093482,78093482,0.001,0.001,1.2,1.2
2026-04-24T17:02:01.883761,of:0000000000000001:1 -> of:000000000000000b:1,200933,200933,191676804,191676804,0.001,0.001,1.2,1.2
2026-04-24T17:02:01.883761,of:0000000000000004:1 -> of:000000000000000c:4,121946,121946,73200478,73200478,0.001,0.001,1.2,1.2
2026-04-24T17:02:01.883761,of:0000000000000005:1 -> of:000000000000000c:5,122274,122274,73554927,73554927,0.001,0.001,1.2,1.2
2026-04-24T17:02:01.883761,of:000000000000000a:1 -> of:000000000000000d:6,761201,761201,1026716577,1026716577,0.001,0.001,1.2,1.2
2026-04-24T17:02:01.883761,of:000000000000000b:2 -> of:000000000000000c:2,1140485,1140485,653007396,653007396,0.001,0.001,1.2,1.2
2026-04-24T17:02:01.883761,of:000000000000000c:3 -> of:000000000000000d:3,1137003,1137003,645882712,645882712,0.001,0.001,1.2,1.2
2026-04-24T17:02:01.883761,of:0000000000000005:2 -> of:0000000000000009:3,118974,118974,70104183,70104183,0.001,0.001,1.2,1.2
2026-04-24T17:02:01.883761,of:000000000000000b:3 -> of:000000000000000d:2,3502043,3502042,4170359132,4170357642,12.438,12.44,1044.77,1044.87
2026-04-24T17:02:01.883761,of:0000000000000009:1 -> of:000000000000000c:6,123865,123865,78131560,78131560,0.001,0.001,1.2,1.2
2026-04-24T17:02:01.883761,of:0000000000000004:2 -> of:0000000000000009:2,119303,119303,70579924,70579924,0.001,0.001,1.2,1.2
2026-04-24T17:02:23.100268,of:0000000000000008:1 -> of:000000000000000b:6,507207,507207,648862697,648862697,0.001,0.001,1.19,1.19
2026-04-24T17:02:23.100268,of:0000000000000003:2 -> of:0000000000000008:3,171696,171696,148863456,148863456,0.001,0.001,1.14,1.14
2026-04-24T17:02:23.100268,of:0000000000000002:2 -> of:0000000000000008:2,559273,559273,726083529,726083529,0.001,0.001,1.19,1.19
2026-04-24T17:02:23.100268,of:0000000000000007:1 -> of:000000000000000d:5,2580381,2580350,3733164704,3733118514,6.684,6.685,561.78,561.83
2026-04-24T17:02:23.100268,of:0000000000000007:2 -> of:000000000000000a:3,764151,764151,1030525301,1030525301,0.001,0.001,1.14,1.14
2026-04-24T17:02:23.100268,of:0000000000000003:1 -> of:000000000000000b:5,208395,208380,201047461,201025111,6.647,6.647,558.68,558.64
2026-04-24T17:02:23.100268,of:0000000000000006:1 -> of:000000000000000d:4,148304,148306,111425459,111428439,6.648,6.648,558.78,558.73
2026-04-24T17:02:23.100268,of:0000000000000006:2 -> of:000000000000000a:2,112420,112420,60236707,60236707,0.001,0.001,1.14,1.14
2026-04-24T17:02:23.100268,of:0000000000000001:3 -> of:000000000000000d:1,200908,200908,189831955,189831955,0.001,0.001,1.14,1.14
2026-04-24T17:02:23.100268,of:0000000000000002:1 -> of:000000000000000b:4,2794928,2794945,4054133240,4054158570,6.687,6.688,562.02,562.11
2026-04-24T17:02:23.100268,of:0000000000000001:2 -> of:000000000000000c:1,125757,125757,78096830,78096830,0.001,0.001,1.14,1.14
2026-04-24T17:02:23.100268,of:0000000000000001:1 -> of:000000000000000b:1,200957,200957,191680152,191680152,0.001,0.001,1.14,1.14
2026-04-24T17:02:23.100268,of:0000000000000004:1 -> of:000000000000000c:4,121970,121970,73203826,73203826,0.001,0.001,1.14,1.14
2026-04-24T17:02:23.100268,of:0000000000000005:1 -> of:000000000000000c:5,122298,122298,73558275,73558275,0.001,0.001,1.14,1.14
2026-04-24T17:02:23.100268,of:000000000000000a:1 -> of:000000000000000d:6,761225,761225,1026719937,1026719937,0.001,0.001,1.14,1.14
2026-04-24T17:02:23.100268,of:000000000000000b:2 -> of:000000000000000c:2,1140509,1140509,653010756,653010756,0.001,0.001,1.14,1.14
2026-04-24T17:02:23.100268,of:000000000000000c:3 -> of:000000000000000d:3,1137027,1137027,645886072,645886072,0.001,0.001,1.14,1.14
2026-04-24T17:02:23.100268,of:0000000000000005:2 -> of:0000000000000009:3,118999,118999,70107589,70107589,0.001,0.001,1.19,1.19
2026-04-24T17:02:23.100268,of:000000000000000b:3 -> of:000000000000000d:2,3525538,3525537,4205334282,4205332792,13.329,13.329,1119.22,1119.22
2026-04-24T17:02:23.100268,of:0000000000000009:1 -> of:000000000000000c:6,123889,123889,78134908,78134908,0.001,0.001,1.14,1.14
2026-04-24T17:02:23.100268,of:0000000000000004:2 -> of:0000000000000009:2,119327,119327,70583260,70583260,0.001,0.001,1.14,1.14
2026-04-24T17:02:44.014145,of:0000000000000008:1 -> of:000000000000000b:6,507233,507233,648866129,648866129,0.001,0.001,1.24,1.24
2026-04-24T17:02:44.014145,of:0000000000000003:2 -> of:0000000000000008:3,171726,171724,148867238,148866960,0.001,0.001,1.43,1.34
2026-04-24T17:02:44.014145,of:0000000000000002:2 -> of:0000000000000008:2,559303,559301,726087311,726087033,0.001,0.001,1.43,1.34
2026-04-24T17:02:44.014145,of:0000000000000007:1 -> of:000000000000000d:5,2587612,2587596,3743903586,3743879746,4.102,4.11,345.24,345.96
2026-04-24T17:02:44.014145,of:0000000000000007:2 -> of:000000000000000a:3,764181,764181,1030529097,1030529097,0.001,0.001,1.43,1.43
2026-04-24T17:02:44.014145,of:0000000000000003:1 -> of:000000000000000b:5,215448,215451,211512435,211516905,3.997,4.007,336.74,337.6
2026-04-24T17:02:44.014145,of:0000000000000006:1 -> of:000000000000000d:4,155355,155369,121887453,121908313,3.996,4.003,336.65,337.22
2026-04-24T17:02:44.014145,of:0000000000000006:2 -> of:000000000000000a:2,112450,112450,60240503,60240503,0.001,0.001,1.43,1.43
2026-04-24T17:02:44.014145,of:0000000000000001:3 -> of:000000000000000d:1,200934,200934,189835387,189835387,0.001,0.001,1.24,1.24
2026-04-24T17:02:44.014145,of:0000000000000002:1 -> of:000000000000000b:4,2802182,2802181,4064906392,4064904902,4.115,4.105,346.34,345.48
2026-04-24T17:02:44.014145,of:0000000000000001:2 -> of:000000000000000c:1,125783,125783,78100262,78100262,0.001,0.001,1.24,1.24
2026-04-24T17:02:44.014145,of:0000000000000001:1 -> of:000000000000000b:1,200983,200983,191683584,191683584,0.001,0.001,1.24,1.24
2026-04-24T17:02:44.014145,of:0000000000000004:1 -> of:000000000000000c:4,121996,121996,73207258,73207258,0.001,0.001,1.24,1.24
2026-04-24T17:02:44.014145,of:0000000000000005:1 -> of:000000000000000c:5,122324,122324,73561707,73561707,0.001,0.001,1.24,1.24
2026-04-24T17:02:44.014145,of:000000000000000a:1 -> of:000000000000000d:6,761251,761253,1026723381,1026723661,0.001,0.001,1.24,1.34
2026-04-24T17:02:44.014145,of:000000000000000b:2 -> of:000000000000000c:2,1140537,1140537,653014284,653014284,0.001,0.001,1.34,1.34
2026-04-24T17:02:44.014145,of:000000000000000c:3 -> of:000000000000000d:3,1137055,1137055,645889600,645889600,0.001,0.001,1.34,1.34
2026-04-24T17:02:44.014145,of:0000000000000005:2 -> of:0000000000000009:3,119027,119027,70111093,70111093,0.001,0.001,1.34,1.34
2026-04-24T17:02:44.014145,of:000000000000000b:3 -> of:000000000000000d:2,3539837,3539842,4226592912,4226600362,8.12,8.123,682.7,682.98
2026-04-24T17:02:44.014145,of:0000000000000009:1 -> of:000000000000000c:6,123915,123915,78138340,78138340,0.001,0.001,1.24,1.24
2026-04-24T17:02:44.014145,of:0000000000000004:2 -> of:0000000000000009:2,119355,119355,70586764,70586764,0.001,0.001,1.34,1.34
2026-04-24T17:03:04.073863,of:0000000000000008:1 -> of:000000000000000b:6,513610,513613,658330045,658334515,3.742,3.744,315.2,315.35
2026-04-24T17:03:04.073863,of:0000000000000003:2 -> of:0000000000000008:3,171752,171752,148870852,148870852,0.001,0.002,1.29,1.38
2026-04-24T17:03:04.073863,of:0000000000000002:2 -> of:0000000000000008:2,565737,565750,735638845,735658215,3.777,3.785,318.02,318.76
2026-04-24T17:03:04.073863,of:0000000000000007:1 -> of:000000000000000d:5,2598167,2598135,3759592722,3759545042,6.204,6.194,521.72,520.93
2026-04-24T17:03:04.073863,of:0000000000000007:2 -> of:000000000000000a:3,764207,764207,1030532723,1030532723,0.001,0.001,1.29,1.29
2026-04-24T17:03:04.073863,of:0000000000000003:1 -> of:000000000000000b:5,226014,225998,227217961,227194121,6.21,6.199,522.26,521.32
2026-04-24T17:03:04.073863,of:0000000000000006:1 -> of:000000000000000d:4,165987,165991,137691319,137697279,6.249,6.243,525.52,525.03
2026-04-24T17:03:04.073863,of:0000000000000006:2 -> of:000000000000000a:2,112476,112476,60244129,60244129,0.001,0.001,1.29,1.29
2026-04-24T17:03:04.073863,of:0000000000000001:3 -> of:000000000000000d:1,207277,207289,199248643,199266523,3.722,3.729,313.52,314.12
2026-04-24T17:03:04.073863,of:0000000000000002:1 -> of:000000000000000b:4,2806373,2806373,4071113168,4071113168,2.454,2.455,207.15,207.2
2026-04-24T17:03:04.073863,of:0000000000000001:2 -> of:000000000000000c:1,125811,125811,78104168,78104168,0.002,0.002,1.38,1.38
2026-04-24T17:03:04.073863,of:0000000000000001:1 -> of:000000000000000b:1,207304,207304,201064060,201064060,3.709,3.709,312.44,312.44
2026-04-24T17:03:04.073863,of:0000000000000004:1 -> of:000000000000000c:4,122024,122024,73211164,73211164,0.002,0.002,1.38,1.38
2026-04-24T17:03:04.073863,of:0000000000000005:1 -> of:000000000000000c:5,122352,122352,73565613,73565613,0.002,0.002,1.38,1.38
2026-04-24T17:03:04.073863,of:000000000000000a:1 -> of:000000000000000d:6,761279,761279,1026727301,1026727301,0.002,0.001,1.38,1.29
2026-04-24T17:03:04.073863,of:000000000000000b:2 -> of:000000000000000c:2,1140565,1140565,653018204,653018204,0.002,0.002,1.38,1.38
2026-04-24T17:03:04.073863,of:000000000000000c:3 -> of:000000000000000d:3,1137083,1137083,645893520,645893520,0.002,0.002,1.38,1.38
2026-04-24T17:03:04.073863,of:0000000000000005:2 -> of:0000000000000009:3,119055,119055,70114985,70114985,0.002,0.002,1.38,1.38
2026-04-24T17:03:04.073863,of:000000000000000b:3 -> of:000000000000000d:2,3554605,3554594,4248559432,4248543042,8.686,8.677,729.96,729.17
2026-04-24T17:03:04.073863,of:0000000000000009:1 -> of:000000000000000c:6,123943,123943,78142246,78142246,0.002,0.002,1.38,1.38
2026-04-24T17:03:04.073863,of:0000000000000004:2 -> of:0000000000000009:2,119383,119383,70590656,70590656,0.002,0.002,1.38,1.38
2026-04-24T17:03:24.902807,of:0000000000000008:1 -> of:000000000000000b:6,528929,528927,681112139,681109159,8.784,8.781,738.3,738.06
2026-04-24T17:03:24.902807,of:0000000000000003:2 -> of:0000000000000008:3,171784,171784,148875300,148875300,0.002,0.002,1.54,1.54
2026-04-24T17:03:24.902807,of:0000000000000002:2 -> of:0000000000000008:2,581022,581024,758370263,758373243,8.764,8.758,736.67,736.14
2026-04-24T17:03:24.902807,of:0000000000000007:1 -> of:000000000000000d:5,2613437,2613435,3782301806,3782298826,8.756,8.773,735.94,737.39
2026-04-24T17:03:24.902807,of:0000000000000007:2 -> of:000000000000000a:3,764239,764239,1030537187,1030537187,0.002,0.002,1.54,1.54
2026-04-24T17:03:24.902807,of:0000000000000003:1 -> of:000000000000000b:5,240471,240474,248709883,248714353,8.286,8.297,696.76,697.68
2026-04-24T17:03:24.902807,of:0000000000000006:1 -> of:000000000000000d:4,180384,180379,159093841,159086391,8.252,8.247,693.87,693.43
2026-04-24T17:03:24.902807,of:0000000000000006:2 -> of:000000000000000a:2,112508,112508,60248593,60248593,0.002,0.002,1.54,1.54
2026-04-24T17:03:24.902807,of:0000000000000001:3 -> of:000000000000000d:1,221731,221736,220736095,220743545,8.285,8.281,696.62,696.28
2026-04-24T17:03:24.902807,of:0000000000000002:1 -> of:000000000000000b:4,2806405,2806405,4071117632,4071117632,0.002,0.002,1.54,1.54
2026-04-24T17:03:24.902807,of:0000000000000001:2 -> of:000000000000000c:1,125843,125843,78108632,78108632,0.002,0.002,1.54,1.54
2026-04-24T17:03:24.902807,of:0000000000000001:1 -> of:000000000000000b:1,221778,221772,222581312,222572372,8.296,8.293,697.58,697.29
2026-04-24T17:03:24.902807,of:0000000000000004:1 -> of:000000000000000c:4,122056,122056,73215628,73215628,0.002,0.002,1.54,1.54
2026-04-24T17:03:24.902807,of:0000000000000005:1 -> of:000000000000000c:5,122384,122384,73570077,73570077,0.002,0.002,1.54,1.54
2026-04-24T17:03:24.902807,of:000000000000000a:1 -> of:000000000000000d:6,761311,761311,1026731781,1026731781,0.002,0.002,1.54,1.54
2026-04-24T17:03:24.902807,of:000000000000000b:2 -> of:000000000000000c:2,1140597,1140597,653022684,653022684,0.002,0.002,1.54,1.54
2026-04-24T17:03:24.902807,of:000000000000000c:3 -> of:000000000000000d:3,1137115,1137115,645898000,645898000,0.002,0.002,1.54,1.54
2026-04-24T17:03:24.902807,of:0000000000000005:2 -> of:0000000000000009:3,119087,119087,70119433,70119433,0.002,0.002,1.54,1.54
2026-04-24T17:03:24.902807,of:000000000000000b:3 -> of:000000000000000d:2,3569908,3569910,4271317702,4271320682,8.775,8.782,737.53,738.16
2026-04-24T17:03:24.902807,of:0000000000000009:1 -> of:000000000000000c:6,123975,123975,78146710,78146710,0.002,0.002,1.54,1.54
2026-04-24T17:03:24.902807,of:0000000000000004:2 -> of:0000000000000009:2,119415,119415,70595104,70595104,0.002,0.002,1.54,1.54
2026-04-24T17:03:45.854409,of:0000000000000008:1 -> of:000000000000000b:6,539826,539828,697316257,697319237,6.174,6.177,519.03,519.22
2026-04-24T17:03:45.854409,of:0000000000000003:2 -> of:0000000000000008:3,171808,171808,148878636,148878636,0.001,0.001,1.14,1.14
2026-04-24T17:03:45.854409,of:0000000000000002:2 -> of:0000000000000008:2,591906,591920,774554999,774575859,6.167,6.174,518.41,518.98
2026-04-24T17:03:45.854409,of:0000000000000007:1 -> of:000000000000000d:5,2624381,2624348,3798575954,3798526784,6.201,6.184,521.27,519.79
2026-04-24T17:03:45.854409,of:0000000000000007:2 -> of:000000000000000a:3,764263,764263,1030540535,1030540535,0.001,0.001,1.14,1.14
2026-04-24T17:03:45.854409,of:0000000000000003:1 -> of:000000000000000b:5,251312,251296,264824769,264800929,6.14,6.13,516.36,515.45
2026-04-24T17:03:45.854409,of:0000000000000006:1 -> of:000000000000000d:4,191227,191232,175211707,175219157,6.142,6.147,516.45,516.93
2026-04-24T17:03:45.854409,of:0000000000000006:2 -> of:000000000000000a:2,112532,112532,60251941,60251941,0.001,0.001,1.14,1.14
2026-04-24T17:03:45.854409,of:0000000000000001:3 -> of:000000000000000d:1,232562,232575,236836081,236855451,6.135,6.139,515.88,516.26
2026-04-24T17:03:45.854409,of:0000000000000002:1 -> of:000000000000000b:4,2806429,2806429,4071120980,4071120980,0.001,0.001,1.14,1.14
2026-04-24T17:03:45.854409,of:0000000000000001:2 -> of:000000000000000c:1,125867,125867,78111980,78111980,0.001,0.001,1.14,1.14
2026-04-24T17:03:45.854409,of:0000000000000001:1 -> of:000000000000000b:1,232602,232600,238670868,238667888,6.131,6.133,515.55,515.74
2026-04-24T17:03:45.854409,of:0000000000000004:1 -> of:000000000000000c:4,122080,122080,73218976,73218976,0.001,0.001,1.14,1.14
2026-04-24T17:03:45.854409,of:0000000000000005:1 -> of:000000000000000c:5,122408,122408,73573425,73573425,0.001,0.001,1.14,1.14
2026-04-24T17:03:45.854409,of:000000000000000a:1 -> of:000000000000000d:6,761335,761335,1026735141,1026735141,0.001,0.001,1.14,1.14
2026-04-24T17:03:45.854409,of:000000000000000b:2 -> of:000000000000000c:2,1140621,1140621,653026044,653026044,0.001,0.001,1.14,1.14
2026-04-24T17:03:45.854409,of:000000000000000c:3 -> of:000000000000000d:3,1137139,1137139,645901360,645901360,0.001,0.001,1.14,1.14
2026-04-24T17:03:45.854409,of:0000000000000005:2 -> of:0000000000000009:3,119111,119111,70122769,70122769,0.001,0.001,1.14,1.14
2026-04-24T17:03:45.854409,of:000000000000000b:3 -> of:000000000000000d:2,3580825,3580814,4287551632,4287535242,6.186,6.178,519.98,519.36
2026-04-24T17:03:45.854409,of:0000000000000009:1 -> of:000000000000000c:6,123999,123999,78150058,78150058,0.001,0.001,1.14,1.14
2026-04-24T17:03:45.854409,of:0000000000000004:2 -> of:0000000000000009:2,119439,119439,70598440,70598440,0.001,0.001,1.14,1.14
2026-04-24T17:04:05.894163,of:0000000000000008:1 -> of:000000000000000b:6,544355,544355,704032055,704032055,2.674,2.672,225.37,225.27
2026-04-24T17:04:05.894163,of:0000000000000003:2 -> of:0000000000000008:3,171832,171832,148881972,148881972,0.001,0.001,1.19,1.19
2026-04-24T17:04:05.894163,of:0000000000000002:2 -> of:0000000000000008:2,596423,596423,781252905,781252905,2.666,2.658,224.77,224.08
2026-04-24T17:04:05.894163,of:0000000000000007:1 -> of:000000000000000d:5,2633319,2633287,3811861162,3811813482,5.289,5.289,444.77,444.82
2026-04-24T17:04:05.894163,of:0000000000000007:2 -> of:000000000000000a:3,764287,764287,1030543883,1030543883,0.001,0.001,1.19,1.19
2026-04-24T17:04:05.894163,of:0000000000000003:1 -> of:000000000000000b:5,260082,260066,277859657,277835817,5.189,5.189,436.41,436.41
2026-04-24T17:04:05.894163,of:0000000000000006:1 -> of:000000000000000d:4,200283,200286,188672735,188677205,5.359,5.358,450.64,450.54
2026-04-24T17:04:05.894163,of:0000000000000006:2 -> of:000000000000000a:2,112556,112556,60255289,60255289,0.001,0.001,1.19,1.19
2026-04-24T17:04:05.894163,of:0000000000000001:3 -> of:000000000000000d:1,237105,237105,243572739,243572739,2.682,2.674,226.07,225.42
2026-04-24T17:04:05.894163,of:0000000000000002:1 -> of:000000000000000b:4,2811008,2811024,4077911278,4077935118,2.703,2.713,227.86,228.66
2026-04-24T17:04:05.894163,of:0000000000000001:2 -> of:000000000000000c:1,125891,125891,78115328,78115328,0.001,0.001,1.19,1.19
2026-04-24T17:04:05.894163,of:0000000000000001:1 -> of:000000000000000b:1,237154,237154,245420936,245420936,2.687,2.688,226.52,226.62
2026-04-24T17:04:05.894163,of:0000000000000004:1 -> of:000000000000000c:4,122104,122104,73222324,73222324,0.001,0.001,1.19,1.19
2026-04-24T17:04:05.894163,of:0000000000000005:1 -> of:000000000000000c:5,122432,122432,73576773,73576773,0.001,0.001,1.19,1.19
2026-04-24T17:04:05.894163,of:000000000000000a:1 -> of:000000000000000d:6,761359,761359,1026738501,1026738501,0.001,0.001,1.19,1.19
2026-04-24T17:04:05.894163,of:000000000000000b:2 -> of:000000000000000c:2,1149579,1149579,666341064,666341064,5.301,5.301,445.77,445.77
2026-04-24T17:04:05.894163,of:000000000000000c:3 -> of:000000000000000d:3,1146109,1146109,659234260,659234260,5.308,5.308,446.36,446.36
2026-04-24T17:04:05.894163,of:0000000000000005:2 -> of:0000000000000009:3,119135,119135,70126105,70126105,0.001,0.001,1.19,1.19
2026-04-24T17:04:05.894163,of:000000000000000b:3 -> of:000000000000000d:2,3585336,3585336,4294240622,4294240622,2.663,2.669,224.48,225.02
2026-04-24T17:04:05.894163,of:0000000000000009:1 -> of:000000000000000c:6,124023,124023,78153406,78153406,0.001,0.001,1.19,1.19
2026-04-24T17:04:05.894163,of:0000000000000004:2 -> of:0000000000000009:2,119463,119463,70601776,70601776,0.001,0.001,1.19,1.19
2026-04-24T17:04:25.927815,of:0000000000000008:1 -> of:000000000000000b:6,544381,544381,704035617,704035617,0.001,0.001,1.3,1.3
2026-04-24T17:04:25.927815,of:0000000000000003:2 -> of:0000000000000008:3,171858,171858,148885522,148885522,0.001,0.001,1.3,1.3
2026-04-24T17:04:25.927815,of:0000000000000002:2 -> of:0000000000000008:2,596449,596449,781256455,781256455,0.001,0.001,1.3,1.3
2026-04-24T17:04:25.927815,of:0000000000000007:1 -> of:000000000000000d:5,2646765,2646733,3831860524,3831812844,7.984,7.984,670.99,670.99
2026-04-24T17:04:25.927815,of:0000000000000007:2 -> of:000000000000000a:3,764313,764313,1030547445,1030547445,0.001,0.001,1.3,1.3
2026-04-24T17:04:25.927815,of:0000000000000003:1 -> of:000000000000000b:5,273580,273566,297930707,297909847,8.013,8.014,673.59,673.69
2026-04-24T17:04:25.927815,of:0000000000000006:1 -> of:000000000000000d:4,213661,213664,208564985,208569455,7.941,7.941,667.6,667.6
2026-04-24T17:04:25.927815,of:0000000000000006:2 -> of:000000000000000a:2,112582,112582,60258851,60258851,0.001,0.001,1.3,1.3
2026-04-24T17:04:25.927815,of:0000000000000001:3 -> of:000000000000000d:1,237131,237131,243576301,243576301,0.001,0.001,1.3,1.3
2026-04-24T17:04:25.927815,of:0000000000000002:1 -> of:000000000000000b:4,2824453,2824467,4097909150,4097930010,7.984,7.982,670.94,670.84
2026-04-24T17:04:25.927815,of:0000000000000001:2 -> of:000000000000000c:1,125917,125917,78118890,78118890,0.001,0.001,1.3,1.3
2026-04-24T17:04:25.927815,of:0000000000000001:1 -> of:000000000000000b:1,237180,237180,245424498,245424498,0.001,0.001,1.3,1.3
2026-04-24T17:04:25.927815,of:0000000000000004:1 -> of:000000000000000c:4,122130,122130,73225886,73225886,0.001,0.001,1.3,1.3
2026-04-24T17:04:25.927815,of:0000000000000005:1 -> of:000000000000000c:5,122458,122458,73580335,73580335,0.001,0.001,1.3,1.3
2026-04-24T17:04:25.927815,of:000000000000000a:1 -> of:000000000000000d:6,761385,761385,1026742075,1026742075,0.001,0.001,1.3,1.3
2026-04-24T17:04:25.927815,of:000000000000000b:2 -> of:000000000000000c:2,1176400,1176401,706263396,706264886,15.938,15.938,1338.44,1338.49
2026-04-24T17:04:25.927815,of:000000000000000c:3 -> of:000000000000000d:3,1172918,1172918,699138712,699138712,15.931,15.931,1337.84,1337.84
2026-04-24T17:04:25.927815,of:0000000000000005:2 -> of:0000000000000009:3,119161,119161,70129655,70129655,0.001,0.001,1.3,1.3
2026-04-24T17:04:25.927815,of:000000000000000b:3 -> of:000000000000000d:2,3585362,3585362,4294244196,4294244196,0.001,0.001,1.3,1.3
2026-04-24T17:04:25.927815,of:0000000000000009:1 -> of:000000000000000c:6,124049,124049,78156968,78156968,0.001,0.001,1.3,1.3
2026-04-24T17:04:25.927815,of:0000000000000004:2 -> of:0000000000000009:2,119489,119489,70605326,70605326,0.001,0.001,1.3,1.3
2026-04-24T17:04:45.959107,of:0000000000000008:1 -> of:000000000000000b:6,544409,544409,704039523,704039523,0.002,0.002,1.4,1.4
2026-04-24T17:04:45.959107,of:0000000000000003:2 -> of:0000000000000008:3,171886,171886,148889414,148889414,0.002,0.002,1.4,1.4
2026-04-24T17:04:45.959107,of:0000000000000002:2 -> of:0000000000000008:2,596477,596477,781260347,781260347,0.002,0.002,1.4,1.4
2026-04-24T17:04:45.959107,of:0000000000000007:1 -> of:000000000000000d:5,2661219,2661187,3853359170,3853311490,8.585,8.585,721.51,721.51
2026-04-24T17:04:45.959107,of:0000000000000007:2 -> of:000000000000000a:3,764341,764341,1030551351,1030551351,0.002,0.002,1.4,1.4
2026-04-24T17:04:45.959107,of:0000000000000003:1 -> of:000000000000000b:5,288034,288018,319429353,319405513,8.585,8.584,721.51,721.41
2026-04-24T17:04:45.959107,of:0000000000000006:1 -> of:000000000000000d:4,228007,228010,229902711,229907181,8.521,8.521,716.12,716.12
2026-04-24T17:04:45.959107,of:0000000000000006:2 -> of:000000000000000a:2,112610,112610,60262757,60262757,0.002,0.002,1.4,1.4
2026-04-24T17:04:45.959107,of:0000000000000001:3 -> of:000000000000000d:1,237159,237159,243580207,243580207,0.002,0.002,1.4,1.4
2026-04-24T17:04:45.959107,of:0000000000000002:1 -> of:000000000000000b:4,2838891,2838907,4119383956,4119407796,8.576,8.577,720.71,720.81
2026-04-24T17:04:45.959107,of:0000000000000001:2 -> of:000000000000000c:1,125945,125945,78122796,78122796,0.002,0.002,1.4,1.4
2026-04-24T17:04:45.959107,of:0000000000000001:1 -> of:000000000000000b:1,237208,237208,245428404,245428404,0.002,0.002,1.4,1.4
2026-04-24T17:04:45.959107,of:0000000000000004:1 -> of:000000000000000c:4,122158,122158,73229792,73229792,0.002,0.002,1.4,1.4
2026-04-24T17:04:45.959107,of:0000000000000005:1 -> of:000000000000000c:5,122486,122486,73584241,73584241,0.002,0.002,1.4,1.4
2026-04-24T17:04:45.959107,of:000000000000000a:1 -> of:000000000000000d:6,761413,761413,1026745995,1026745995,0.002,0.002,1.4,1.4
2026-04-24T17:04:45.959107,of:000000000000000b:2 -> of:000000000000000c:2,1205170,1205171,749092896,749094386,17.104,17.104,1436.13,1436.13
2026-04-24T17:04:45.959107,of:000000000000000c:3 -> of:000000000000000d:3,1201688,1201685,741968212,741963742,17.104,17.102,1436.13,1435.98
2026-04-24T17:04:45.959107,of:0000000000000005:2 -> of:0000000000000009:3,119189,119189,70133547,70133547,0.002,0.002,1.4,1.4
2026-04-24T17:04:45.959107,of:000000000000000b:3 -> of:000000000000000d:2,3585390,3585390,4294248116,4294248116,0.002,0.002,1.4,1.4
2026-04-24T17:04:45.959107,of:0000000000000009:1 -> of:000000000000000c:6,124077,124077,78160874,78160874,0.002,0.002,1.4,1.4
2026-04-24T17:04:45.959107,of:0000000000000004:2 -> of:0000000000000009:2,119517,119517,70609218,70609218,0.002,0.002,1.4,1.4
2026-04-24T17:05:06.851072,of:0000000000000008:1 -> of:000000000000000b:6,544433,544433,704042871,704042871,0.001,0.001,1.15,1.15
2026-04-24T17:05:06.851072,of:0000000000000003:2 -> of:0000000000000008:3,171910,171910,148892750,148892750,0.001,0.001,1.15,1.15
2026-04-24T17:05:06.851072,of:0000000000000002:2 -> of:0000000000000008:2,596501,596501,781263683,781263683,0.001,0.001,1.15,1.15
2026-04-24T17:05:06.851072,of:0000000000000007:1 -> of:000000000000000d:5,2676606,2676606,3876253388,3876253388,8.81,8.828,740.13,741.67
2026-04-24T17:05:06.851072,of:0000000000000007:2 -> of:000000000000000a:3,764365,764365,1030554699,1030554699,0.001,0.001,1.15,1.15
2026-04-24T17:05:06.851072,of:0000000000000003:1 -> of:000000000000000b:5,301045,301044,338780435,338778945,7.446,7.455,625.85,626.57
2026-04-24T17:05:06.851072,of:0000000000000006:1 -> of:000000000000000d:4,240956,240957,249161413,249162903,7.411,7.41,622.86,622.77
2026-04-24T17:05:06.851072,of:0000000000000006:2 -> of:000000000000000a:2,112634,112634,60266105,60266105,0.001,0.001,1.15,1.15
2026-04-24T17:05:06.851072,of:0000000000000001:3 -> of:000000000000000d:1,237183,237183,243583555,243583555,0.001,0.001,1.15,1.15
2026-04-24T17:05:06.851072,of:0000000000000002:1 -> of:000000000000000b:4,2854324,2854325,4142346714,4142348204,8.836,8.828,742.35,741.63
2026-04-24T17:05:06.851072,of:0000000000000001:2 -> of:000000000000000c:1,125969,125969,78126144,78126144,0.001,0.001,1.15,1.15
2026-04-24T17:05:06.851072,of:0000000000000001:1 -> of:000000000000000b:1,237232,237232,245431752,245431752,0.001,0.001,1.15,1.15
2026-04-24T17:05:06.851072,of:0000000000000004:1 -> of:000000000000000c:4,122182,122182,73233140,73233140,0.001,0.001,1.15,1.15
2026-04-24T17:05:06.851072,of:0000000000000005:1 -> of:000000000000000c:5,122510,122510,73587589,73587589,0.001,0.001,1.15,1.15
2026-04-24T17:05:06.851072,of:000000000000000a:1 -> of:000000000000000d:6,761437,761437,1026749355,1026749355,0.001,0.001,1.15,1.15
2026-04-24T17:05:06.851072,of:000000000000000b:2 -> of:000000000000000c:2,1233539,1233539,791327410,791327410,16.252,16.252,1364.59,1364.54
2026-04-24T17:05:06.851072,of:000000000000000c:3 -> of:000000000000000d:3,1230043,1230043,784181866,784181866,16.244,16.246,1363.91,1364.06
2026-04-24T17:05:06.851072,of:0000000000000005:2 -> of:0000000000000009:3,119213,119213,70136883,70136883,0.001,0.001,1.15,1.15
2026-04-24T17:05:06.851072,of:000000000000000b:3 -> of:000000000000000d:2,3585414,3585414,4294251476,4294251476,0.001,0.001,1.15,1.15
2026-04-24T17:05:06.851072,of:0000000000000009:1 -> of:000000000000000c:6,124101,124101,78164222,78164222,0.001,0.001,1.15,1.15
2026-04-24T17:05:06.851072,of:0000000000000004:2 -> of:0000000000000009:2,119541,119541,70612554,70612554,0.001,0.001,1.15,1.15
2026-04-24T17:05:26.898172,of:0000000000000008:1 -> of:000000000000000b:6,553806,553809,717976229,717980699,5.536,5.538,465.54,465.68
2026-04-24T17:05:26.898172,of:0000000000000003:2 -> of:0000000000000008:3,171934,171934,148896086,148896086,0.001,0.001,1.19,1.19
2026-04-24T17:05:26.898172,of:0000000000000002:2 -> of:0000000000000008:2,605888,605900,795217889,795235769,5.545,5.552,466.23,466.83
2026-04-24T17:05:26.898172,of:0000000000000007:1 -> of:000000000000000d:5,2686859,2686827,3891497946,3891450266,6.057,6.038,509.24,507.65
2026-04-24T17:05:26.898172,of:0000000000000007:2 -> of:000000000000000a:3,764389,764389,1030558047,1030558047,0.001,0.001,1.19,1.19
2026-04-24T17:05:26.898172,of:0000000000000003:1 -> of:000000000000000b:5,310965,310950,353528823,353506473,5.86,5.852,492.7,492.01
2026-04-24T17:05:26.898172,of:0000000000000006:1 -> of:000000000000000d:4,251017,251019,264119891,264122871,5.944,5.944,499.71,499.76
2026-04-24T17:05:26.898172,of:0000000000000006:2 -> of:000000000000000a:2,112658,112658,60269453,60269453,0.001,0.001,1.19,1.19
2026-04-24T17:05:26.898172,of:0000000000000001:3 -> of:000000000000000d:1,246485,246498,257411123,257430493,5.494,5.502,462.01,462.65
2026-04-24T17:05:26.898172,of:0000000000000002:1 -> of:000000000000000b:4,2855132,2855132,4143518222,4143518222,0.465,0.465,40.13,40.08
2026-04-24T17:05:26.898172,of:0000000000000001:2 -> of:000000000000000c:1,125993,125993,78129492,78129492,0.001,0.001,1.19,1.19
2026-04-24T17:05:26.898172,of:0000000000000001:1 -> of:000000000000000b:1,246517,246516,259233990,259232500,5.484,5.484,461.16,461.12
2026-04-24T17:05:26.898172,of:0000000000000004:1 -> of:000000000000000c:4,122206,122206,73236488,73236488,0.001,0.001,1.19,1.19
2026-04-24T17:05:26.898172,of:0000000000000005:1 -> of:000000000000000c:5,122534,122534,73590937,73590937,0.001,0.001,1.19,1.19
2026-04-24T17:05:26.898172,of:000000000000000a:1 -> of:000000000000000d:6,761461,761461,1026752715,1026752715,0.001,0.001,1.19,1.19
2026-04-24T17:05:26.898172,of:000000000000000b:2 -> of:000000000000000c:2,1244488,1244489,807609020,807610510,6.469,6.47,543.81,543.86
2026-04-24T17:05:26.898172,of:000000000000000c:3 -> of:000000000000000d:3,1240997,1240984,800470926,800451556,6.472,6.465,544.06,543.41
2026-04-24T17:05:26.898172,of:0000000000000005:2 -> of:0000000000000009:3,119237,119237,70140219,70140219,0.001,0.001,1.19,1.19
2026-04-24T17:05:26.898172,of:000000000000000b:3 -> of:000000000000000d:2,3585438,3585438,4294254836,4294254836,0.001,0.001,1.19,1.19
2026-04-24T17:05:26.898172,of:0000000000000009:1 -> of:000000000000000c:6,124125,124125,78167570,78167570,0.001,0.001,1.19,1.19
2026-04-24T17:05:26.898172,of:0000000000000004:2 -> of:0000000000000009:2,119565,119565,70615890,70615890,0.001,0.001,1.19,1.19
2026-04-24T17:05:46.934776,of:0000000000000008:1 -> of:000000000000000b:6,569379,569379,741142185,741142185,9.244,9.242,776.75,776.6
2026-04-24T17:05:46.934776,of:0000000000000003:2 -> of:0000000000000008:3,171962,171962,148899978,148899978,0.002,0.002,1.4,1.4
2026-04-24T17:05:46.934776,of:0000000000000002:2 -> of:0000000000000008:2,621459,621472,818380851,818400221,9.243,9.243,776.65,776.7
2026-04-24T17:05:46.934776,of:0000000000000007:1 -> of:000000000000000d:5,2702425,2702395,3914653472,3914608772,9.24,9.241,776.4,776.5
2026-04-24T17:05:46.934776,of:0000000000000007:2 -> of:000000000000000a:3,764417,764417,1030561953,1030561953,0.002,0.002,1.4,1.4
2026-04-24T17:05:46.934776,of:0000000000000003:1 -> of:000000000000000b:5,325287,325273,374827893,374807033,8.499,8.499,714.35,714.4
2026-04-24T17:05:46.934776,of:0000000000000006:1 -> of:000000000000000d:4,265192,265195,285199931,285204401,8.411,8.412,707.02,707.07
2026-04-24T17:05:46.934776,of:0000000000000006:2 -> of:000000000000000a:2,112686,112686,60273359,60273359,0.002,0.002,1.4,1.4
2026-04-24T17:05:46.934776,of:0000000000000001:3 -> of:000000000000000d:1,260682,260693,278523943,278540333,8.424,8.423,708.11,708.01
2026-04-24T17:05:46.934776,of:0000000000000002:1 -> of:000000000000000b:4,2855160,2855160,4143522128,4143522128,0.002,0.002,1.4,1.4
2026-04-24T17:05:46.934776,of:0000000000000001:2 -> of:000000000000000c:1,126021,126021,78133398,78133398,0.002,0.002,1.4,1.4
2026-04-24T17:05:46.934776,of:0000000000000001:1 -> of:000000000000000b:1,260724,260722,280361710,280358730,8.43,8.43,708.61,708.56
2026-04-24T17:05:46.934776,of:0000000000000004:1 -> of:000000000000000c:4,122234,122234,73240394,73240394,0.002,0.002,1.4,1.4
2026-04-24T17:05:46.934776,of:0000000000000005:1 -> of:000000000000000c:5,122562,122562,73594843,73594843,0.002,0.002,1.4,1.4
2026-04-24T17:05:46.934776,of:000000000000000a:1 -> of:000000000000000d:6,761489,761489,1026756635,1026756635,0.002,0.002,1.4,1.4
2026-04-24T17:05:46.934776,of:000000000000000b:2 -> of:000000000000000c:2,1260057,1260061,830769030,830774990,9.241,9.243,776.55,776.7
2026-04-24T17:05:46.934776,of:000000000000000c:3 -> of:000000000000000d:3,1256569,1256555,823635406,823614546,9.243,9.243,776.7,776.65
2026-04-24T17:05:46.934776,of:0000000000000005:2 -> of:0000000000000009:3,119265,119265,70144111,70144111,0.002,0.002,1.4,1.4
2026-04-24T17:05:46.934776,of:000000000000000b:3 -> of:000000000000000d:2,3585466,3585466,4294258756,4294258756,0.002,0.002,1.4,1.4
2026-04-24T17:05:46.934776,of:0000000000000009:1 -> of:000000000000000c:6,124153,124153,78171476,78171476,0.002,0.002,1.4,1.4
2026-04-24T17:05:46.934776,of:0000000000000004:2 -> of:0000000000000009:2,119593,119593,70619782,70619782,0.002,0.002,1.4,1.4
2026-04-24T17:06:06.965700,of:0000000000000008:1 -> of:000000000000000b:6,582282,582284,760335243,760338223,7.664,7.665,644.02,644.12
2026-04-24T17:06:06.965700,of:0000000000000003:2 -> of:0000000000000008:3,171986,171986,148903314,148903314,0.001,0.001,1.2,1.2
2026-04-24T17:06:06.965700,of:0000000000000002:2 -> of:0000000000000008:2,634363,634375,837575387,837593267,7.664,7.664,644.07,644.02
2026-04-24T17:06:06.965700,of:0000000000000007:1 -> of:000000000000000d:5,2715379,2715349,3933922520,3933877820,7.694,7.694,646.57,646.57
2026-04-24T17:06:06.965700,of:0000000000000007:2 -> of:000000000000000a:3,764441,764441,1030565301,1030565301,0.001,0.001,1.2,1.2
2026-04-24T17:06:06.965700,of:0000000000000003:1 -> of:000000000000000b:5,337747,337733,393360881,393340021,7.4,7.4,621.91,621.91
2026-04-24T17:06:06.965700,of:0000000000000006:1 -> of:000000000000000d:4,277660,277663,303744839,303749309,7.405,7.405,622.31,622.31
2026-04-24T17:06:06.965700,of:0000000000000006:2 -> of:000000000000000a:2,112710,112710,60276707,60276707,0.001,0.001,1.2,1.2
2026-04-24T17:06:06.965700,of:0000000000000001:3 -> of:000000000000000d:1,273148,273159,297065871,297082261,7.404,7.404,622.21,622.21
2026-04-24T17:06:06.965700,of:0000000000000002:1 -> of:000000000000000b:4,2855184,2855184,4143525476,4143525476,0.001,0.001,1.2,1.2
2026-04-24T17:06:06.965700,of:0000000000000001:2 -> of:000000000000000c:1,126045,126045,78136746,78136746,0.001,0.001,1.2,1.2
2026-04-24T17:06:06.965700,of:0000000000000001:1 -> of:000000000000000b:1,273187,273187,298899168,298899168,7.402,7.403,622.06,622.16
2026-04-24T17:06:06.965700,of:0000000000000004:1 -> of:000000000000000c:4,122258,122258,73243742,73243742,0.001,0.001,1.2,1.2
2026-04-24T17:06:06.965700,of:0000000000000005:1 -> of:000000000000000c:5,122586,122586,73598191,73598191,0.001,0.001,1.2,1.2
2026-04-24T17:06:06.965700,of:000000000000000a:1 -> of:000000000000000d:6,761513,761513,1026759995,1026759995,0.001,0.001,1.2,1.2
2026-04-24T17:06:06.965700,of:000000000000000b:2 -> of:000000000000000c:2,1273004,1273007,850027660,850032130,7.69,7.689,646.22,646.17
2026-04-24T17:06:06.965700,of:000000000000000c:3 -> of:000000000000000d:3,1269526,1269512,842908936,842888076,7.696,7.696,646.72,646.72
2026-04-24T17:06:06.965700,of:0000000000000005:2 -> of:0000000000000009:3,119289,119289,70147447,70147447,0.001,0.001,1.2,1.2
2026-04-24T17:06:06.965700,of:000000000000000b:3 -> of:000000000000000d:2,3585490,3585490,4294262116,4294262116,0.001,0.001,1.2,1.2
2026-04-24T17:06:06.965700,of:0000000000000009:1 -> of:000000000000000c:6,124177,124177,78174824,78174824,0.001,0.001,1.2,1.2
2026-04-24T17:06:06.965700,of:0000000000000004:2 -> of:0000000000000009:2,119617,119617,70623118,70623118,0.001,0.001,1.2,1.2
2026-04-24T17:06:27.918673,of:0000000000000008:1 -> of:000000000000000b:6,589292,589292,770747731,770747731,4.01,4.009,337.47,337.38
2026-04-24T17:06:27.918673,of:0000000000000003:2 -> of:0000000000000008:3,172010,172010,148906650,148906650,0.001,0.001,1.16,1.16
2026-04-24T17:06:27.918673,of:0000000000000002:2 -> of:0000000000000008:2,641360,641360,847968493,847968493,4.003,3.996,336.85,336.27
2026-04-24T17:06:27.918673,of:0000000000000007:1 -> of:000000000000000d:5,2726169,2726178,3949969908,3949983318,6.18,6.203,519.45,521.32
2026-04-24T17:06:27.918673,of:0000000000000007:2 -> of:000000000000000a:3,764465,764465,1030568649,1030568649,0.001,0.001,1.16,1.16
2026-04-24T17:06:27.918673,of:0000000000000003:1 -> of:000000000000000b:5,348805,348805,409803441,409803441,6.333,6.341,532.35,533.02
2026-04-24T17:06:27.918673,of:0000000000000006:1 -> of:000000000000000d:4,288721,288714,320191869,320181439,6.334,6.329,532.49,532.01
2026-04-24T17:06:27.918673,of:0000000000000006:2 -> of:000000000000000a:2,112734,112734,60280055,60280055,0.001,0.001,1.16,1.16
2026-04-24T17:06:27.918673,of:0000000000000001:3 -> of:000000000000000d:1,280146,280146,307460479,307460479,4.003,3.997,336.89,336.37
2026-04-24T17:06:27.918673,of:0000000000000002:1 -> of:000000000000000b:4,2859257,2859268,4149561834,4149578224,2.325,2.331,196.08,196.61
2026-04-24T17:06:27.918673,of:0000000000000001:2 -> of:000000000000000c:1,126069,126069,78140094,78140094,0.001,0.001,1.16,1.16
2026-04-24T17:06:27.918673,of:0000000000000001:1 -> of:000000000000000b:1,280195,280195,309308676,309308676,4.009,4.009,337.38,337.38
2026-04-24T17:06:27.918673,of:0000000000000004:1 -> of:000000000000000c:4,122282,122282,73247090,73247090,0.001,0.001,1.16,1.16
2026-04-24T17:06:27.918673,of:0000000000000005:1 -> of:000000000000000c:5,122610,122610,73601539,73601539,0.001,0.001,1.16,1.16
2026-04-24T17:06:27.918673,of:000000000000000a:1 -> of:000000000000000d:6,761537,761537,1026763355,1026763355,0.001,0.001,1.16,1.16
2026-04-24T17:06:27.918673,of:000000000000000b:2 -> of:000000000000000c:2,1280016,1280016,860443140,860443140,4.011,4.01,337.57,337.42
2026-04-24T17:06:27.918673,of:000000000000000c:3 -> of:000000000000000d:3,1276534,1276534,853318456,853318456,4.009,4.017,337.38,338.05
2026-04-24T17:06:27.918673,of:0000000000000005:2 -> of:0000000000000009:3,119313,119313,70150783,70150783,0.001,0.001,1.16,1.16
2026-04-24T17:06:27.918673,of:000000000000000b:3 -> of:000000000000000d:2,3593588,3593588,4306294288,4306294288,4.634,4.634,389.85,389.85
2026-04-24T17:06:27.918673,of:0000000000000009:1 -> of:000000000000000c:6,124201,124201,78178172,78178172,0.001,0.001,1.16,1.16
2026-04-24T17:06:27.918673,of:0000000000000004:2 -> of:0000000000000009:2,119641,119641,70626454,70626454,0.001,0.001,1.16,1.16
2026-04-24T17:06:47.954318,of:0000000000000008:1 -> of:000000000000000b:6,589320,589320,770751637,770751637,0.002,0.002,1.39,1.39
2026-04-24T17:06:47.954318,of:0000000000000003:2 -> of:0000000000000008:3,172038,172038,148910542,148910542,0.002,0.002,1.39,1.39
2026-04-24T17:06:47.954318,of:0000000000000002:2 -> of:0000000000000008:2,641388,641388,847972385,847972385,0.002,0.002,1.39,1.39
2026-04-24T17:06:47.954318,of:0000000000000007:1 -> of:000000000000000d:5,2727070,2727070,3951262265,3951262265,0.512,0.506,44.58,44.13
2026-04-24T17:06:47.954318,of:0000000000000007:2 -> of:000000000000000a:3,764929,764929,1031209691,1031209691,0.254,0.254,22.96,22.96
2026-04-24T17:06:47.954318,of:0000000000000003:1 -> of:000000000000000b:5,349734,349734,411123304,411123304,0.522,0.522,45.96,45.96
2026-04-24T17:06:47.954318,of:0000000000000006:1 -> of:000000000000000d:4,289620,289620,321467032,321467032,0.505,0.509,44.48,44.83
2026-04-24T17:06:47.954318,of:0000000000000006:2 -> of:000000000000000a:2,112763,112763,60284031,60284031,0.002,0.002,1.43,1.43
2026-04-24T17:06:47.954318,of:0000000000000001:3 -> of:000000000000000d:1,280174,280174,307464385,307464385,0.002,0.002,1.39,1.39
2026-04-24T17:06:47.954318,of:0000000000000002:1 -> of:000000000000000b:4,2860298,2860298,4151052987,4151052987,0.59,0.584,51.51,50.96
2026-04-24T17:06:47.954318,of:0000000000000001:2 -> of:000000000000000c:1,126098,126098,78144070,78144070,0.002,0.002,1.43,1.43
2026-04-24T17:06:47.954318,of:0000000000000001:1 -> of:000000000000000b:1,280223,280223,309312582,309312582,0.002,0.002,1.39,1.39
2026-04-24T17:06:47.954318,of:0000000000000004:1 -> of:000000000000000c:4,122310,122310,73250996,73250996,0.002,0.002,1.39,1.39
2026-04-24T17:06:47.954318,of:0000000000000005:1 -> of:000000000000000c:5,122639,122639,73605515,73605515,0.002,0.002,1.43,1.43
2026-04-24T17:06:47.954318,of:000000000000000a:1 -> of:000000000000000d:6,762001,762001,1027404411,1027404411,0.254,0.254,22.96,22.96
2026-04-24T17:06:47.954318,of:000000000000000b:2 -> of:000000000000000c:2,1280044,1280044,860447060,860447060,0.002,0.002,1.39,1.39
2026-04-24T17:06:47.954318,of:000000000000000c:3 -> of:000000000000000d:3,1276562,1276562,853322376,853322376,0.002,0.002,1.39,1.39
2026-04-24T17:06:47.954318,of:0000000000000005:2 -> of:0000000000000009:3,119341,119341,70154675,70154675,0.002,0.002,1.39,1.39
2026-04-24T17:06:47.954318,of:000000000000000b:3 -> of:000000000000000d:2,3595570,3595570,4309161012,4309161012,1.135,1.135,98.06,98.06
2026-04-24T17:06:47.954318,of:0000000000000009:1 -> of:000000000000000c:6,124229,124229,78182078,78182078,0.002,0.002,1.39,1.39
2026-04-24T17:06:47.954318,of:0000000000000004:2 -> of:0000000000000009:2,119669,119669,70630346,70630346,0.002,0.002,1.39,1.39
