x,L,MPE
0.0,2,1.0
0.005,2,0.990025
0.01,2,0.9801
0.015,2,0.970225
0.02,2,0.9603999999999999
0.025,2,0.9506249999999999
0.03,2,0.9409
0.035,2,0.931225
0.04,2,0.9216
0.045,2,0.912025
0.05,2,0.9025
0.055,2,0.893025
0.06,2,0.8835999999999999
0.065,2,0.8742250000000001
0.07,2,0.8648999999999999
0.075,2,0.8556250000000001
0.08,2,0.8464
0.085,2,0.8372250000000001
0.09,2,0.8281000000000001
0.095,2,0.819025
0.1,2,0.81
0.105,2,0.801025
0.11,2,0.7921
0.115,2,0.7832250000000001
0.12,2,0.7744
0.125,2,0.765625
0.13,2,0.7569
0.135,2,0.748225
0.14,2,0.7395999999999999
0.145,2,0.7310249999999999
0.15,2,0.7224999999999999
0.155,2,0.7140249999999999
0.16,2,0.7055999999999999
0.165,2,0.697225
0.17,2,0.6889
0.17500000000000002,2,0.6806249999999999
0.18,2,0.6724000000000001
0.185,2,0.664225
0.19,2,0.6561000000000001
0.195,2,0.6480249999999999
0.2,2,0.6400000000000001
0.20500000000000002,2,0.6320249999999998
0.21,2,0.6241000000000001
0.215,2,0.616225
0.22,2,0.6084
0.225,2,0.6006250000000001
0.23,2,0.5929
0.23500000000000001,2,0.585225
0.24,2,0.5776
0.245,2,0.570025
0.25,2,0.5625
0.0,3,1.0
0.005,3,0.985074875
0.01,3,0.970299
0.015,3,0.9556716249999999
0.02,3,0.9411919999999999
0.025,3,0.9268593749999999
0.03,3,0.912673
0.035,3,0.8986321249999999
0.04,3,0.8847359999999999
0.045,3,0.8709838749999999
0.05,3,0.8573749999999999
0.055,3,0.8439086249999999
0.06,3,0.8305839999999999
0.065,3,0.8174003750000002
0.07,3,0.8043569999999999
0.075,3,0.7914531250000001
0.08,3,0.778688
0.085,3,0.7660608750000001
0.09,3,0.7535710000000001
0.095,3,0.7412176250000001
0.1,3,0.7290000000000001
0.105,3,0.7169173750000001
0.11,3,0.7049690000000001
0.115,3,0.6931541250000001
0.12,3,0.681472
0.125,3,0.669921875
0.13,3,0.658503
0.135,3,0.6472146249999999
0.14,3,0.636056
0.145,3,0.6250263749999999
0.15,3,0.6141249999999999
0.155,3,0.603351125
0.16,3,0.5927039999999999
0.165,3,0.5821828749999999
0.17,3,0.5717869999999999
0.17500000000000002,3,0.561515625
0.18,3,0.5513680000000001
0.185,3,0.5413433749999998
0.19,3,0.531441
0.195,3,0.5216601249999999
0.2,3,0.5120000000000001
0.20500000000000002,3,0.5024598749999999
0.21,3,0.49303900000000006
0.215,3,0.48373662500000003
0.22,3,0.47455200000000003
0.225,3,0.46548437500000006
0.23,3,0.456533
0.23500000000000001,3,0.44769712500000003
0.24,3,0.43897600000000003
0.245,3,0.430368875
0.25,3,0.421875
0.0,4,1.0
0.005,4,0.980149500625
0.01,4,0.96059601
0.015,4,0.941336550625
0.02,4,0.9223681599999999
0.025,4,0.9036878906249999
0.03,4,0.8852928099999999
0.035,4,0.8671800006249999
0.04,4,0.8493465599999999
0.045,4,0.8317896006249998
0.05,4,0.8145062499999999
0.055,4,0.7974936506249999
0.06,4,0.7807489599999998
0.065,4,0.7642693506250001
0.07,4,0.7480520099999998
0.075,4,0.7320941406250001
0.08,4,0.7163929600000001
0.085,4,0.7009457006250001
0.09,4,0.6857496100000001
0.095,4,0.670801950625
0.1,4,0.6561
0.105,4,0.6416410506250001
0.11,4,0.62742241
0.115,4,0.6134414006250001
0.12,4,0.59969536
0.125,4,0.586181640625
0.13,4,0.57289761
0.135,4,0.559840650625
0.14,4,0.54700816
0.145,4,0.5343975506249999
0.15,4,0.5220062499999999
0.155,4,0.5098317006249999
0.16,4,0.49787135999999993
0.165,4,0.4861227006249999
0.17,4,0.4745832099999999
0.17500000000000002,4,0.4632503906249999
0.18,4,0.45212176000000015
0.185,4,0.44119485062499986
0.19,4,0.4304672100000001
0.195,4,0.4199364006249999
0.2,4,0.4096000000000001
0.20500000000000002,4,0.39945560062499985
0.21,4,0.3895008100000001
0.215,4,0.3797332506250001
0.22,4,0.3701505600000001
0.225,4,0.36075039062500003
0.23,4,0.35153041
0.23500000000000001,4,0.342488300625
0.24,4,0.33362176
0.245,4,0.324928500625
0.25,4,0.31640625
0.0,5,1.0
0.005,5,0.975248753121875
0.01,5,0.9509900498999999
0.015,5,0.9272165023656249
0.02,5,0.9039207967999999
0.025,5,0.8810956933593749
0.03,5,0.8587340256999999
0.035,5,0.8368287006031249
0.04,5,0.8153726975999999
0.045,5,0.7943590685968749
0.05,5,0.7737809374999998
0.055,5,0.7536314998406248
0.06,5,0.7339040223999997
0.065,5,0.7145918428343752
0.07,5,0.6956883692999998
0.075,5,0.6771870800781251
0.08,5,0.6590815232000001
0.085,5,0.6413653160718751
0.09,5,0.6240321451000002
0.095,5,0.6070757653156251
0.1,5,0.5904900000000001
0.105,5,0.574268740309375
0.11,5,0.5584059449000001
0.115,5,0.542895639553125
0.12,5,0.5277319168
0.125,5,0.512908935546875
0.13,5,0.4984209207
0.135,5,0.48426216279062495
0.14,5,0.47042701759999994
0.145,5,0.45690990578437496
0.15,5,0.44370531249999995
0.155,5,0.43080778702812494
0.16,5,0.4182119423999999
0.165,5,0.4059124550218749
0.17,5,0.3939040642999999
0.17500000000000002,5,0.3821815722656249
0.18,5,0.37073984320000014
0.185,5,0.3595738032593749
0.19,5,0.3486784401000001
0.195,5,0.33804880250312486
0.2,5,0.3276800000000001
0.20500000000000002,5,0.31756720249687487
0.21,5,0.30770563990000005
0.215,5,0.29809060174062507
0.22,5,0.28871743680000006
0.225,5,0.279581552734375
0.23,5,0.2706784157
0.23500000000000001,5,0.262003549978125
0.24,5,0.2535525376
0.245,5,0.245321017971875
0.25,5,0.2373046875
