action,cycle_id,n_active_hosts,n_active_pairs,n_ip_candidates,n_route_candidates,selected_hosts,selected_routes,timestamp,top_ip_host,top_ip_score,top_route_pair,top_route_score
route_mutation,20260623T154615_952192,2,1,38,1,,,2026-06-23T15:46:15,h31,-0.006868080737018417,h1-h2,-0.048846600000000004
route_mutation,20260623T155502_077011,0,0,38,0,,,2026-06-23T15:55:02,h31,-0.006938300000000008,,
route_mutation,20260623T155532_388946,14,13,38,13,,,2026-06-23T15:55:32,h31,-0.006945299999999988,h1-h10,-0.04827385
route_mutation,20260623T155602_727769,7,6,38,6,,h1-h30,2026-06-23T15:56:02,h31,-0.006942079999999989,h1-h30,0.0013888511111111099
route_mutation,20260623T155633_131034,3,2,38,2,,,2026-06-23T15:56:33,h31,-0.006669044875444841,h1-h38,-0.03116724666666667
route_mutation,20260623T155703_439022,7,6,38,6,,,2026-06-23T15:57:03,h32,-0.0011212598779867244,h1-h2,-0.04873415666666667
ip_shuffle,20260623T155733_730057,10,9,38,9,h32|h35,,2026-06-23T15:57:33,h32,0.022333153192736405,h1-h28,-0.04827385
ip_shuffle,20260623T155837_866086,2,1,38,1,h30,,2026-06-23T15:58:37,h30,0.0015015264857166366,h1-h2,-0.04861908
route_mutation,20260623T155935_580313,5,4,38,4,,,2026-06-23T15:59:35,h33,-0.0038724026111687238,h1-h28,-0.0477327
ip_shuffle,20260623T160005_891595,4,3,38,3,h33,,2026-06-23T16:00:05,h33,0.011546342225643103,h1-h37,-0.014395416666666667
ip_shuffle,20260623T160103_628107,14,13,38,13,h37,,2026-06-23T16:01:03,h37,0.012465258447356214,h1-h12,-0.04827385
ip_shuffle,20260623T160201_153892,0,0,38,0,h34,,2026-06-23T16:02:01,h34,0.01109837906127778,,
ip_shuffle,20260623T160258_830850,12,11,38,11,h34|h38,,2026-06-23T16:02:58,h34,0.044618451436962914,h1-h10,-0.0482778
ip_shuffle,20260623T160402_982850,3,2,38,2,h2|h3|h28,,2026-06-23T16:04:02,h2,0.009578165886335532,h1-h2,-0.0482778
ip_shuffle,20260623T160513_623337,0,0,38,0,h36|h22|h18,,2026-06-23T16:05:13,h36,0.0022803946835393274,,
ip_shuffle,20260623T160624_589224,5,4,38,4,h12|h15,,2026-06-23T16:06:24,h12,0.019906537363912957,h1-h37,-0.014395416666666667
ip_shuffle,20260623T160729_021097,11,10,38,10,h10|h23|h4,,2026-06-23T16:07:29,h10,0.004640529332941179,h1-h11,-0.048269900000000004
ip_shuffle,20260623T160840_048504,6,5,38,5,h13|h14|h9,,2026-06-23T16:08:40,h13,0.004548243463330215,h1-h2,-0.04826595
ip_shuffle,20260623T160951_273685,9,8,38,8,h5|h11|h7,,2026-06-23T16:09:51,h5,0.004402688454070991,h1-h32,-0.000615919999999999
route_mutation,20260623T161101_987545,8,7,38,7,,,2026-06-23T16:11:01,h32,-0.003735910535129089,h1-h11,-0.047712950000000004
ip_shuffle,20260623T161132_385177,8,7,38,7,h32|h30,,2026-06-23T16:11:32,h32,0.013703259905096965,h1-h23,-0.04826595
ip_shuffle,20260623T161236_853255,7,6,38,6,h35,,2026-06-23T16:12:36,h35,0.0017312538580284975,h1-h2,-0.04772085
route_mutation,20260623T161334_721442,12,11,38,11,,h1-h32,2026-06-23T16:13:34,h33,0.005476204661363143,h1-h32,0.011734049999999996
ip_shuffle,20260623T161405_301976,3,2,38,2,h33,,2026-06-23T16:14:05,h33,0.01879287212033315,h1-h38,-0.028265949999999998
ip_shuffle,20260623T161503_050012,7,6,38,6,h34,,2026-06-23T16:15:03,h34,0.009719852457934941,h1-h11,-0.0477169
route_mutation,20260623T161600_724393,4,3,38,3,,,2026-06-23T16:16:00,h32,-0.026637788804801152,h1-h37,-0.014928666666666666
route_mutation,20260623T161631_065873,4,3,38,3,,,2026-06-23T16:16:31,h32,-0.0036656825657613856,h1-h2,-0.0477169
ip_shuffle,20260623T161701_349422,5,4,38,4,h32,,2026-06-23T16:17:01,h32,0.009516198638124362,h1-h10,-0.0482541
route_mutation,20260623T161759_067817,8,7,38,7,,,2026-06-23T16:17:59,h30,-0.006547095356087329,h1-h35,-0.0015953333333333305
ip_shuffle,20260623T161829_276181,0,0,38,0,h37|h38|h30,,2026-06-23T16:18:29,h37,0.03957214262760089,,
ip_shuffle,20260623T161912_141938,7,6,38,6,h37|h38|h35,,2026-06-23T16:19:12,h37,0.07381162165527894,h1-h10,-0.048262
ip_shuffle,20260623T162022_737733,6,5,38,5,h30|h36|h2,,2026-06-23T16:20:22,h30,0.09517330808817073,h1-h35,-0.0015913833333333419
ip_shuffle,20260623T162133_510211,7,6,38,6,h3,,2026-06-23T16:21:33,h3,-0.021397984753719193,h1-h10,-0.04772085
ip_shuffle,20260623T162231_118144,6,5,38,5,h33,,2026-06-23T16:22:31,h33,0.004628146753409029,h1-h35,-0.0015913833333333419
ip_shuffle,20260623T162328_867087,9,8,38,8,h4,,2026-06-23T16:23:28,h4,-0.004653584077605161,h1-h10,-0.04772085
ip_shuffle,20260623T162426_811977,7,6,38,6,h11,,2026-06-23T16:24:26,h11,0.024334533929492724,h1-h35,-0.0015913833333333419
ip_shuffle,20260623T162524_763359,9,9,38,9,h32,,2026-06-23T16:25:24,h32,0.007139436599183313,h1-h10,-0.04772085
route_mutation,20260623T162622_671606,7,6,38,6,,h1-h35,2026-06-23T16:26:22,h34,-0.0023175968218452636,h1-h35,-0.0015913833333333419
ip_shuffle,20260623T162653_017458,0,0,38,0,h34,,2026-06-23T16:26:53,h34,0.014704597098531252,,
ip_shuffle,20260623T162750_760794,11,10,38,10,h30,,2026-06-23T16:27:50,h30,0.003826999788868163,h1-h14,-0.0477169
route_mutation,20260623T162848_793299,4,3,38,3,,h1-h37,2026-06-23T16:28:48,h35,-0.029139739106579216,h1-h37,-0.014924716666666664
ip_shuffle,20260623T162919_308522,6,5,38,5,h33,,2026-06-23T16:29:19,h33,-0.013689645842431986,h1-h2,-0.04772875
route_mutation,20260623T163017_162214,11,10,38,10,,h1-h30,2026-06-23T16:30:17,h35,-0.006734185070586957,h1-h30,0.005067383333333335
ip_shuffle,20260623T163047_657624,4,3,38,3,h32|h35,,2026-06-23T16:30:47,h32,0.013588084454667415,h1-h38,-0.028262
ip_shuffle,20260623T163152_177688,10,9,38,9,h37|h38,,2026-06-23T16:31:52,h37,0.013340104426789845,h1-h13,-0.04772085
ip_shuffle,20260623T163256_356161,0,0,38,0,h30,,2026-06-23T16:32:56,h30,-0.023424247698052805,,
route_mutation,20260623T163354_088331,14,12,38,12,,h15-h33|h2-h39|h1-h13|h1-h14|h1-h15,2026-06-23T16:33:54,h2,0.28588979077614773,h15-h33,0.3919362
